Entity,Code,Year,"Crops - Almonds, with shell - 221 - Yield - 5419 - hg/ha"
Afghanistan,AFG,1976,1.661
Afghanistan,AFG,1977,1.5
Afghanistan,AFG,1978,2
Afghanistan,AFG,1979,1.75
Afghanistan,AFG,1980,1.7069
Afghanistan,AFG,1981,1.3793
Afghanistan,AFG,1982,1.8966
Afghanistan,AFG,1983,1.7018
Afghanistan,AFG,1984,1.8421
Afghanistan,AFG,1985,1.6071
Afghanistan,AFG,1986,1.8182
Afghanistan,AFG,1987,1.6364
Afghanistan,AFG,1988,1.6667
Afghanistan,AFG,1989,1.6296000000000002
Afghanistan,AFG,1990,1.5736
Afghanistan,AFG,1991,1.6364
Afghanistan,AFG,1992,1.8
Afghanistan,AFG,1993,1.6364
Afghanistan,AFG,1994,1.6364
Afghanistan,AFG,1995,1.6364
Afghanistan,AFG,1996,1.6364
Afghanistan,AFG,1997,1.6364
Afghanistan,AFG,1998,1.6364
Afghanistan,AFG,1999,2
Afghanistan,AFG,2000,1.7143000000000002
Afghanistan,AFG,2001,1.6667
Afghanistan,AFG,2002,2.1407000000000003
Afghanistan,AFG,2003,2.4561
Afghanistan,AFG,2004,1.225
Afghanistan,AFG,2005,1.3281
Afghanistan,AFG,2006,1.6667
Afghanistan,AFG,2007,2.6234
Afghanistan,AFG,2008,3.5
Afghanistan,AFG,2009,3.9154
Afghanistan,AFG,2010,4.9955
Afghanistan,AFG,2011,4.5
Afghanistan,AFG,2012,4.596
Afghanistan,AFG,2013,2.991
Afghanistan,AFG,2014,1.9996
Afghanistan,AFG,2015,1.6521000000000001
Afghanistan,AFG,2016,1.6859000000000002
Afghanistan,AFG,2017,1.3788
Afghanistan,AFG,2018,1.7161000000000002
Africa,,1961,0.22790000000000002
Africa,,1962,0.28750000000000003
Africa,,1963,0.3316
Africa,,1964,0.23170000000000002
Africa,,1965,0.225
Africa,,1966,0.21830000000000002
Africa,,1967,0.2614
Africa,,1968,0.16040000000000001
Africa,,1969,0.2051
Africa,,1970,0.1386
Africa,,1971,0.1383
Africa,,1972,0.1728
Africa,,1973,0.2087
Africa,,1974,0.2129
Africa,,1975,0.2308
Africa,,1976,0.2409
Africa,,1977,0.24810000000000001
Africa,,1978,0.298
Africa,,1979,0.29560000000000003
Africa,,1980,0.3262
Africa,,1981,0.40030000000000004
Africa,,1982,0.402
Africa,,1983,0.2058
Africa,,1984,0.2391
Africa,,1985,0.3612
Africa,,1986,0.34750000000000003
Africa,,1987,0.3643
Africa,,1988,0.3252
Africa,,1989,0.4002
Africa,,1990,0.45520000000000005
Africa,,1991,0.4567
Africa,,1992,0.4053
Africa,,1993,0.4091
Africa,,1994,0.3507
Africa,,1995,0.3421
Africa,,1996,0.3602
Africa,,1997,0.39030000000000004
Africa,,1998,0.4151
Africa,,1999,0.46950000000000003
Africa,,2000,0.42600000000000005
Africa,,2001,0.3976
Africa,,2002,0.38370000000000004
Africa,,2003,0.4812
Africa,,2004,0.46580000000000005
Africa,,2005,0.44420000000000004
Africa,,2006,0.5499
Africa,,2007,0.4808
Africa,,2008,0.519
Africa,,2009,0.6013000000000001
Africa,,2010,0.5488000000000001
Africa,,2011,0.5462
Africa,,2012,0.595
Africa,,2013,0.5357000000000001
Africa,,2014,0.5909
Africa,,2015,0.6309
Africa,,2016,0.5986
Africa,,2017,0.5760000000000001
Africa,,2018,0.5755
Algeria,DZA,1961,0.4511
Algeria,DZA,1962,0.4511
Algeria,DZA,1963,0.4511
Algeria,DZA,1964,0.45070000000000005
Algeria,DZA,1965,0.44930000000000003
Algeria,DZA,1966,0.44880000000000003
Algeria,DZA,1967,0.451
Algeria,DZA,1968,0.44970000000000004
Algeria,DZA,1969,0.4484
Algeria,DZA,1970,0.44780000000000003
Algeria,DZA,1971,0.45
Algeria,DZA,1972,0.4514
Algeria,DZA,1973,0.45020000000000004
Algeria,DZA,1974,0.45
Algeria,DZA,1975,0.45420000000000005
Algeria,DZA,1976,0.44980000000000003
Algeria,DZA,1977,0.44870000000000004
Algeria,DZA,1978,0.4496
Algeria,DZA,1979,0.44830000000000003
Algeria,DZA,1980,0.44830000000000003
Algeria,DZA,1981,0.4969
Algeria,DZA,1982,0.42960000000000004
Algeria,DZA,1983,0.3934
Algeria,DZA,1984,0.4534
Algeria,DZA,1985,0.4716
Algeria,DZA,1986,0.3864
Algeria,DZA,1987,0.393
Algeria,DZA,1988,0.45280000000000004
Algeria,DZA,1989,0.5268
Algeria,DZA,1990,0.4691
Algeria,DZA,1991,0.6505000000000001
Algeria,DZA,1992,0.7169
Algeria,DZA,1993,0.9538000000000001
Algeria,DZA,1994,0.7312000000000001
Algeria,DZA,1995,0.7992
Algeria,DZA,1996,1.3323
Algeria,DZA,1997,0.7069000000000001
Algeria,DZA,1998,0.8169000000000001
Algeria,DZA,1999,0.9546
Algeria,DZA,2000,0.9754
Algeria,DZA,2001,0.934
Algeria,DZA,2002,1.1648
Algeria,DZA,2003,1.0524
Algeria,DZA,2004,1.2473
Algeria,DZA,2005,1.2929000000000002
Algeria,DZA,2006,1.3728
Algeria,DZA,2007,0.8342
Algeria,DZA,2008,0.9933000000000001
Algeria,DZA,2009,1.2055
Algeria,DZA,2010,1.0457
Algeria,DZA,2011,0.9689000000000001
Algeria,DZA,2012,1.3304
Algeria,DZA,2013,1.2965
Algeria,DZA,2014,1.6601000000000001
Algeria,DZA,2015,1.893
Algeria,DZA,2016,1.3223
Algeria,DZA,2017,1.2362
Algeria,DZA,2018,1.3292000000000002
Americas,,1961,1.6691
Americas,,1962,1.1582000000000001
Americas,,1963,1.3709
Americas,,1964,1.6541000000000001
Americas,,1965,1.3955
Americas,,1966,1.6151
Americas,,1967,1.3805
Americas,,1968,1.2395
Americas,,1969,1.8398
Americas,,1970,1.6411
Americas,,1971,1.6016000000000001
Americas,,1972,1.4126
Americas,,1973,1.4075
Americas,,1974,1.8416000000000001
Americas,,1975,1.4526000000000001
Americas,,1976,2.035
Americas,,1977,2.0291
Americas,,1978,1.0493000000000001
Americas,,1979,2.1102000000000003
Americas,,1980,1.8269000000000002
Americas,,1981,2.3163
Americas,,1982,1.8914000000000002
Americas,,1983,1.2537
Americas,,1984,2.8597
Americas,,1985,2.0959000000000003
Americas,,1986,1.1161
Americas,,1987,2.9245
Americas,,1988,2.596
Americas,,1989,2.1964
Americas,,1990,2.947
Americas,,1991,2.2205
Americas,,1992,2.491
Americas,,1993,2.1406
Americas,,1994,2.9653
Americas,,1995,1.6063
Americas,,1996,2.1932
Americas,,1997,2.9727
Americas,,1998,2.053
Americas,,1999,3.1475
Americas,,2000,2.5959000000000003
Americas,,2001,2.7996000000000003
Americas,,2002,3.5714
Americas,,2003,3.4779
Americas,,2004,3.3572
Americas,,2005,2.964
Americas,,2006,3.5782000000000003
Americas,,2007,4.6413
Americas,,2008,5.0711
Americas,,2009,3.9611
Americas,,2010,4.497
Americas,,2011,5.6207
Americas,,2012,4.941400000000001
Americas,,2013,4.9961
Americas,,2014,4.3692
Americas,,2015,3.5049
Americas,,2016,3.5111000000000003
Americas,,2017,3.5485
Americas,,2018,4.239
Argentina,ARG,1985,1.7021000000000002
Argentina,ARG,1986,1.7021000000000002
Argentina,ARG,1987,1.7021000000000002
Argentina,ARG,1988,1.7021000000000002
Argentina,ARG,1989,1.7872000000000001
Argentina,ARG,1990,1.7549000000000001
Argentina,ARG,1991,1.9206
Argentina,ARG,1992,1.9188
Argentina,ARG,1993,1.9169
Argentina,ARG,1994,1.915
Argentina,ARG,1995,1.9131
Argentina,ARG,1996,1.9112
Argentina,ARG,1997,1.9199000000000002
Argentina,ARG,1998,1.9348
Argentina,ARG,1999,1.9583000000000002
Argentina,ARG,2000,1.9274
Argentina,ARG,2001,1.9213
Argentina,ARG,2002,1.9200000000000002
Argentina,ARG,2003,1.9119000000000002
Argentina,ARG,2004,1.9084
Argentina,ARG,2005,1.9046
Argentina,ARG,2006,1.8846
Argentina,ARG,2007,1.8519
Argentina,ARG,2008,1.9003
Argentina,ARG,2009,1.9217000000000002
Argentina,ARG,2010,2.0667
Argentina,ARG,2011,2.0667
Argentina,ARG,2012,1.625
Argentina,ARG,2013,1.7412
Argentina,ARG,2014,1.8577000000000001
Argentina,ARG,2015,1.8776000000000002
Argentina,ARG,2016,1.8808
Argentina,ARG,2017,1.8809
Argentina,ARG,2018,1.8811
Asia,,1961,1.7073
Asia,,1962,1.7537
Asia,,1963,1.5168000000000001
Asia,,1964,1.6589
Asia,,1965,1.5175
Asia,,1966,1.2319
Asia,,1967,1.6866
Asia,,1968,1.7729000000000001
Asia,,1969,1.5736
Asia,,1970,1.5301
Asia,,1971,1.5926
Asia,,1972,1.877
Asia,,1973,1.7032
Asia,,1974,1.9254
Asia,,1975,1.8448
Asia,,1976,1.7973000000000001
Asia,,1977,1.7731000000000001
Asia,,1978,1.9724000000000002
Asia,,1979,1.7206000000000001
Asia,,1980,1.6763000000000001
Asia,,1981,1.4673
Asia,,1982,1.7982
Asia,,1983,2.0212
Asia,,1984,2.055
Asia,,1985,2.0119000000000002
Asia,,1986,2.3605
Asia,,1987,1.7423000000000002
Asia,,1988,1.889
Asia,,1989,2.0934
Asia,,1990,1.82
Asia,,1991,1.9881000000000002
Asia,,1992,1.8735000000000002
Asia,,1993,1.9401000000000002
Asia,,1994,1.9229
Asia,,1995,1.8165
Asia,,1996,1.8932
Asia,,1997,1.5790000000000002
Asia,,1998,1.8898000000000001
Asia,,1999,1.7979
Asia,,2000,1.627
Asia,,2001,1.5283
Asia,,2002,1.8343
Asia,,2003,1.8953
Asia,,2004,1.4687000000000001
Asia,,2005,1.9813
Asia,,2006,1.6898000000000002
Asia,,2007,1.5988
Asia,,2008,1.5936000000000001
Asia,,2009,1.4409
Asia,,2010,1.5875000000000001
Asia,,2011,1.9333
Asia,,2012,1.6284
Asia,,2013,1.4615
Asia,,2014,1.5899
Asia,,2015,1.9737
Asia,,2016,1.6049
Asia,,2017,2.2822
Asia,,2018,1.5543
"Asia, Central",,1992,1.1404
"Asia, Central",,1993,1.0125
"Asia, Central",,1994,1.0033
"Asia, Central",,1995,1.0323
"Asia, Central",,1996,1.0461
"Asia, Central",,1997,0.9787
"Asia, Central",,1998,0.991
"Asia, Central",,1999,1.0408
"Asia, Central",,2000,1.2623
"Asia, Central",,2001,1.351
"Asia, Central",,2002,1.5255
"Asia, Central",,2003,1.7295
"Asia, Central",,2004,1.9875
"Asia, Central",,2005,1.9205
"Asia, Central",,2006,2.1747
"Asia, Central",,2007,1.9084
"Asia, Central",,2008,1.8411000000000002
"Asia, Central",,2009,1.8433000000000002
"Asia, Central",,2010,1.7925
"Asia, Central",,2011,1.8295000000000001
"Asia, Central",,2012,1.6038000000000001
"Asia, Central",,2013,1.9063
"Asia, Central",,2014,1.9797
"Asia, Central",,2015,2.4784
"Asia, Central",,2016,2.1876
"Asia, Central",,2017,1.3094000000000001
"Asia, Central",,2018,2.7288
Australia,AUS,1980,2.4476
Australia,AUS,1981,2.2414
Australia,AUS,1982,2.3311
Australia,AUS,1983,2.3077
Australia,AUS,1984,2.1765000000000003
Australia,AUS,1985,2.0513
Australia,AUS,1986,2.1304000000000003
Australia,AUS,1987,1.875
Australia,AUS,1988,1.8846
Australia,AUS,1989,1.7241000000000002
Australia,AUS,1990,1.6667
Australia,AUS,1991,2.9032
Australia,AUS,1992,2.4359
Australia,AUS,1993,2.1739
Australia,AUS,1994,2.3555
Australia,AUS,1995,2.6596
Australia,AUS,1996,2.7484
Australia,AUS,1997,3.125
Australia,AUS,1998,3.6082
Australia,AUS,1999,3.6
Australia,AUS,2000,3.5959000000000003
Australia,AUS,2001,1.604
Australia,AUS,2002,1.5436
Australia,AUS,2003,1.1775
Australia,AUS,2004,0.9021
Australia,AUS,2005,0.896
Australia,AUS,2006,0.6607000000000001
Australia,AUS,2007,0.7013
Australia,AUS,2008,2.3569
Australia,AUS,2009,0.6775
Australia,AUS,2010,3.0675000000000003
Australia,AUS,2011,1.1377000000000002
Australia,AUS,2012,1.0925
Australia,AUS,2013,1.9863000000000002
Australia,AUS,2014,1.9325
Australia,AUS,2015,2.0354
Australia,AUS,2016,1.9703000000000002
Australia,AUS,2017,1.9835
Australia,AUS,2018,1.8917000000000002
Australia & New Zealand,,1980,2.4476
Australia & New Zealand,,1981,2.2414
Australia & New Zealand,,1982,2.3311
Australia & New Zealand,,1983,2.3077
Australia & New Zealand,,1984,2.1765000000000003
Australia & New Zealand,,1985,2.0513
Australia & New Zealand,,1986,2.1304000000000003
Australia & New Zealand,,1987,1.875
Australia & New Zealand,,1988,1.8846
Australia & New Zealand,,1989,1.7241000000000002
Australia & New Zealand,,1990,1.6667
Australia & New Zealand,,1991,2.9032
Australia & New Zealand,,1992,2.4359
Australia & New Zealand,,1993,2.1739
Australia & New Zealand,,1994,2.3555
Australia & New Zealand,,1995,2.6596
Australia & New Zealand,,1996,2.7484
Australia & New Zealand,,1997,3.125
Australia & New Zealand,,1998,3.6082
Australia & New Zealand,,1999,3.6
Australia & New Zealand,,2000,3.5959000000000003
Australia & New Zealand,,2001,1.604
Australia & New Zealand,,2002,1.5436
Australia & New Zealand,,2003,1.1775
Australia & New Zealand,,2004,0.9021
Australia & New Zealand,,2005,0.896
Australia & New Zealand,,2006,0.6607000000000001
Australia & New Zealand,,2007,0.7013
Australia & New Zealand,,2008,2.3569
Australia & New Zealand,,2009,0.6775
Australia & New Zealand,,2010,3.0675000000000003
Australia & New Zealand,,2011,1.1377000000000002
Australia & New Zealand,,2012,1.0925
Australia & New Zealand,,2013,1.9863000000000002
Australia & New Zealand,,2014,1.9325
Australia & New Zealand,,2015,2.0354
Australia & New Zealand,,2016,1.9703000000000002
Australia & New Zealand,,2017,1.9835
Australia & New Zealand,,2018,1.8917000000000002
Azerbaijan,AZE,1992,0.21610000000000001
Azerbaijan,AZE,1993,0.1902
Azerbaijan,AZE,1994,0.17930000000000001
Azerbaijan,AZE,1995,0.18280000000000002
Azerbaijan,AZE,1996,0.22540000000000002
Azerbaijan,AZE,1997,0.22840000000000002
Azerbaijan,AZE,1998,0.3216
Azerbaijan,AZE,1999,0.20040000000000002
Azerbaijan,AZE,2000,0.2117
Azerbaijan,AZE,2001,0.2899
Azerbaijan,AZE,2002,0.3164
Azerbaijan,AZE,2003,0.2914
Azerbaijan,AZE,2004,0.44060000000000005
Azerbaijan,AZE,2005,0.4051
Azerbaijan,AZE,2006,1.0979
Azerbaijan,AZE,2007,1.2457
Azerbaijan,AZE,2008,1.2165000000000001
Azerbaijan,AZE,2009,1.1854
Azerbaijan,AZE,2010,1.2116
Azerbaijan,AZE,2011,1.288
Azerbaijan,AZE,2012,1.4675
Azerbaijan,AZE,2013,1.6778000000000002
Azerbaijan,AZE,2014,1.1585
Azerbaijan,AZE,2015,2.5229
Azerbaijan,AZE,2016,2.4174
Azerbaijan,AZE,2017,2.3858
Azerbaijan,AZE,2018,3.1583
Bosnia and Herzegovina,BIH,1992,0.3226
Bosnia and Herzegovina,BIH,1993,0.4
Bosnia and Herzegovina,BIH,1994,0.4993
Bosnia and Herzegovina,BIH,1995,0.4868
Bosnia and Herzegovina,BIH,1996,0.4
Bosnia and Herzegovina,BIH,1997,0.4
Bosnia and Herzegovina,BIH,1998,0.48000000000000004
Bosnia and Herzegovina,BIH,1999,0.4844
Bosnia and Herzegovina,BIH,2000,0.4907
Bosnia and Herzegovina,BIH,2001,0.5174
Bosnia and Herzegovina,BIH,2002,0.4601
Bosnia and Herzegovina,BIH,2003,0.4541
Bosnia and Herzegovina,BIH,2004,0.4496
Bosnia and Herzegovina,BIH,2005,0.4465
Bosnia and Herzegovina,BIH,2006,0.47500000000000003
Bosnia and Herzegovina,BIH,2007,0.4137
Bosnia and Herzegovina,BIH,2008,0.39280000000000004
Bosnia and Herzegovina,BIH,2009,0.35950000000000004
Bosnia and Herzegovina,BIH,2010,0.36360000000000003
Bosnia and Herzegovina,BIH,2011,0.3909
Bosnia and Herzegovina,BIH,2012,0.2227
Bosnia and Herzegovina,BIH,2013,0.2227
Bosnia and Herzegovina,BIH,2014,0.25
Bosnia and Herzegovina,BIH,2015,0.27490000000000003
Bosnia and Herzegovina,BIH,2016,0.2768
Bosnia and Herzegovina,BIH,2017,0.2797
Bosnia and Herzegovina,BIH,2018,0.2728
Bulgaria,BGR,1985,0.8
Bulgaria,BGR,1986,0.7961
Bulgaria,BGR,1987,0.786
Bulgaria,BGR,1988,0.7836000000000001
Bulgaria,BGR,1989,0.7996000000000001
Bulgaria,BGR,1990,0.7862
Bulgaria,BGR,1991,0.796
Bulgaria,BGR,1992,0.7964
Bulgaria,BGR,1993,0.7969
Bulgaria,BGR,1994,0.7975
Bulgaria,BGR,1995,0.878
Bulgaria,BGR,1996,0.799
Bulgaria,BGR,1997,0.8
Bulgaria,BGR,1998,0.2381
Bulgaria,BGR,1999,0.3889
Bulgaria,BGR,2000,0.33330000000000004
Bulgaria,BGR,2001,0.388
Bulgaria,BGR,2002,0.39030000000000004
Bulgaria,BGR,2003,0.2139
Bulgaria,BGR,2004,0.2777
Bulgaria,BGR,2005,0.1532
Bulgaria,BGR,2006,0.10250000000000001
Bulgaria,BGR,2007,0.1275
Bulgaria,BGR,2008,0.0526
Bulgaria,BGR,2009,0.1
Bulgaria,BGR,2010,0.3143
Bulgaria,BGR,2011,0.5924
Bulgaria,BGR,2012,0.3649
Bulgaria,BGR,2013,1.8065
Bulgaria,BGR,2014,0.6986
Bulgaria,BGR,2015,0.7387
Bulgaria,BGR,2016,0.8521000000000001
Bulgaria,BGR,2017,0.7553000000000001
Bulgaria,BGR,2018,1.1787
Burkina Faso,BFA,1990,0.5
Burkina Faso,BFA,1991,0.49660000000000004
Burkina Faso,BFA,1992,0.4973
Burkina Faso,BFA,1993,0.4979
Burkina Faso,BFA,1994,0.5
Burkina Faso,BFA,1995,0.49920000000000003
Burkina Faso,BFA,1996,0.4998
Burkina Faso,BFA,1997,0.5
Burkina Faso,BFA,1998,0.5011
Burkina Faso,BFA,1999,0.5017
Burkina Faso,BFA,2000,0.5
Burkina Faso,BFA,2001,0.5028
Burkina Faso,BFA,2002,0.5035000000000001
Burkina Faso,BFA,2003,0.504
Burkina Faso,BFA,2004,0.5067
Burkina Faso,BFA,2005,0.5108
Burkina Faso,BFA,2006,0.5155000000000001
Burkina Faso,BFA,2007,0.5159
Burkina Faso,BFA,2008,0.5308
Burkina Faso,BFA,2009,0.5686
Burkina Faso,BFA,2010,0.5479
Burkina Faso,BFA,2011,0.5405
Burkina Faso,BFA,2012,0.5438000000000001
Burkina Faso,BFA,2013,0.5485
Burkina Faso,BFA,2014,0.5499
Burkina Faso,BFA,2015,0.5518000000000001
Burkina Faso,BFA,2016,0.5556
Burkina Faso,BFA,2017,0.5585
Burkina Faso,BFA,2018,0.5614
Central America,,1980,2.4511000000000003
Central America,,1981,3.5660000000000003
Central America,,1982,2.9791000000000003
Central America,,1983,3.4673000000000003
Central America,,1984,0.6364000000000001
Central America,,1985,0.9074000000000001
Central America,,1986,1.3486
Central America,,1987,0.7619
Central America,,1988,2.8493
Central America,,1989,7.7222
Central America,,1990,6.9661
Central America,,1991,1.6081
Central America,,1992,3.0698000000000003
Central America,,1993,2.8800000000000003
Central America,,1994,1.1573
Central America,,1995,1.2603
Central America,,1996,1.7937
Central America,,1997,1.7031
Central America,,1998,2.4918
Central America,,1999,1.2131
Central America,,2000,1.5902
Central America,,2001,1.5
Central America,,2002,2
Central America,,2003,2.1579
Central America,,2004,1.5
Central America,,2005,1.4365
Central America,,2006,1.5047000000000001
Central America,,2007,1.5475
Central America,,2008,1.5134
Central America,,2009,1.4794
Central America,,2010,1.4453
Central America,,2011,1.4121000000000001
Central America,,2012,1.4122000000000001
Central America,,2013,1.4124
Central America,,2014,1.3197
Central America,,2015,1.3357
Central America,,2016,1.3688
Central America,,2017,1.3474000000000002
Central America,,2018,1.326
Chile,CHL,1985,0.55
Chile,CHL,1986,0.5781000000000001
Chile,CHL,1987,0.5577
Chile,CHL,1988,0.5469
Chile,CHL,1989,0.5541
Chile,CHL,1990,0.56
Chile,CHL,1991,0.5581
Chile,CHL,1992,0.6012000000000001
Chile,CHL,1993,0.6413
Chile,CHL,1994,0.6316
Chile,CHL,1995,0.6312
Chile,CHL,1996,1.0612000000000001
Chile,CHL,1997,1.0943
Chile,CHL,1998,1.0517
Chile,CHL,1999,1.2542
Chile,CHL,2000,1.3486
Chile,CHL,2001,1.4131
Chile,CHL,2002,1.5476
Chile,CHL,2003,1.4915
Chile,CHL,2004,1.5
Chile,CHL,2005,1.6897
Chile,CHL,2006,2.5862000000000003
Chile,CHL,2007,2.931
Chile,CHL,2008,2.9032
Chile,CHL,2009,2.8986
Chile,CHL,2010,2.9683
Chile,CHL,2011,3.2026000000000003
Chile,CHL,2012,3.3519
Chile,CHL,2013,3.4959000000000002
Chile,CHL,2014,3.6483000000000003
Chile,CHL,2015,3.8267
Chile,CHL,2016,3.8407
Chile,CHL,2017,3.9530000000000003
Chile,CHL,2018,4.0654
China,CHN,1985,1.6883000000000001
China,CHN,1986,1.6867
China,CHN,1987,1.6854
China,CHN,1988,1.6860000000000002
China,CHN,1989,1.7021000000000002
China,CHN,1990,1.7000000000000002
China,CHN,1991,1.7143000000000002
China,CHN,1992,1.6972
China,CHN,1993,1.726
China,CHN,1994,1.7427000000000001
China,CHN,1995,1.7273
China,CHN,1996,1.8191000000000002
China,CHN,1997,1.9167
China,CHN,1998,1.6
China,CHN,1999,2.1429
China,CHN,2000,2.125
China,CHN,2001,2
China,CHN,2002,2.0772
China,CHN,2003,2.1327000000000003
China,CHN,2004,2.1818
China,CHN,2005,2.0833
China,CHN,2006,2.3307
China,CHN,2007,2.4512
China,CHN,2008,2.596
China,CHN,2009,2.8000000000000003
China,CHN,2010,2.9231000000000003
China,CHN,2011,3
China,CHN,2012,2.9655
China,CHN,2013,2.9655
China,CHN,2014,3.0889
China,CHN,2015,3.19
China,CHN,2016,3.2944
China,CHN,2017,3.3748
China,CHN,2018,3.4552
Cote d'Ivoire,CIV,1995,0.5473
Cote d'Ivoire,CIV,1996,0.5479
Cote d'Ivoire,CIV,1997,0.5486
Cote d'Ivoire,CIV,1998,0.5462
Cote d'Ivoire,CIV,1999,0.546
Cote d'Ivoire,CIV,2000,0.5474
Cote d'Ivoire,CIV,2001,0.5459
Cote d'Ivoire,CIV,2002,0.5455
Cote d'Ivoire,CIV,2003,0.5652
Cote d'Ivoire,CIV,2004,0.56
Cote d'Ivoire,CIV,2005,0.5769000000000001
Cote d'Ivoire,CIV,2006,0.5517000000000001
Cote d'Ivoire,CIV,2007,0.5614
Cote d'Ivoire,CIV,2008,0.5647
Cote d'Ivoire,CIV,2009,0.5526
Cote d'Ivoire,CIV,2010,0.55
Cote d'Ivoire,CIV,2011,0.5819
Cote d'Ivoire,CIV,2012,0.6167
Cote d'Ivoire,CIV,2013,0.625
Cote d'Ivoire,CIV,2014,0.6078
Cote d'Ivoire,CIV,2015,0.6049
Cote d'Ivoire,CIV,2016,0.6099
Cote d'Ivoire,CIV,2017,0.6131
Cote d'Ivoire,CIV,2018,0.6163000000000001
Croatia,HRV,1992,1.4378
Croatia,HRV,1993,1.679
Croatia,HRV,1994,1.8077
Croatia,HRV,1995,1.9456
Croatia,HRV,1996,2.1943
Croatia,HRV,1997,1.8149000000000002
Croatia,HRV,1998,2.3400000000000003
Croatia,HRV,1999,3.3485
Croatia,HRV,2000,6.6208
Croatia,HRV,2001,6.2933
Croatia,HRV,2002,6.5315
Croatia,HRV,2003,3.9908
Croatia,HRV,2004,2.8786
Croatia,HRV,2005,1.7986
Croatia,HRV,2006,1.2909000000000002
Croatia,HRV,2007,1.2182
Croatia,HRV,2008,1.4308
Croatia,HRV,2009,3.2813000000000003
Croatia,HRV,2010,0.6942
Croatia,HRV,2011,0.7150000000000001
Croatia,HRV,2012,0.6196
Croatia,HRV,2013,0.33640000000000003
Croatia,HRV,2014,0.2447
Croatia,HRV,2015,0.8635
Croatia,HRV,2016,0.5419
Croatia,HRV,2017,0.13290000000000002
Croatia,HRV,2018,0.1394
Cyprus,CYP,1961,0.4203
Cyprus,CYP,1962,0.4379
Cyprus,CYP,1963,0.449
Cyprus,CYP,1964,0.4203
Cyprus,CYP,1965,0.3859
Cyprus,CYP,1966,0.4184
Cyprus,CYP,1967,0.4278
Cyprus,CYP,1968,0.4233
Cyprus,CYP,1969,0.5347000000000001
Cyprus,CYP,1970,0.46730000000000005
Cyprus,CYP,1971,0.46730000000000005
Cyprus,CYP,1972,0.434
Cyprus,CYP,1973,0.1085
Cyprus,CYP,1974,0.4219
Cyprus,CYP,1975,0.37970000000000004
Cyprus,CYP,1976,0.4606
Cyprus,CYP,1977,0.49400000000000005
Cyprus,CYP,1978,0.886
Cyprus,CYP,1979,0.49250000000000005
Cyprus,CYP,1980,0.5995
Cyprus,CYP,1981,0.6113000000000001
Cyprus,CYP,1982,0.3519
Cyprus,CYP,1983,0.6531
Cyprus,CYP,1984,0.635
Cyprus,CYP,1985,0.3987
Cyprus,CYP,1986,0.7476
Cyprus,CYP,1987,0.3488
Cyprus,CYP,1988,0.4444
Cyprus,CYP,1989,0.4902
Cyprus,CYP,1990,0.46340000000000003
Cyprus,CYP,1991,0.3171
Cyprus,CYP,1992,0.2963
Cyprus,CYP,1993,0.6914
Cyprus,CYP,1994,0.18330000000000002
Cyprus,CYP,1995,1.1475
Cyprus,CYP,1996,0.4032
Cyprus,CYP,1997,0.43870000000000003
Cyprus,CYP,1998,0.5
Cyprus,CYP,1999,0.3385
Cyprus,CYP,2000,0.5521
Cyprus,CYP,2001,0.1515
Cyprus,CYP,2002,0.5556
Cyprus,CYP,2003,0.1409
Cyprus,CYP,2004,0.13920000000000002
Cyprus,CYP,2005,0.18080000000000002
Cyprus,CYP,2006,0.12940000000000002
Cyprus,CYP,2007,0.1328
Cyprus,CYP,2008,0.1217
Cyprus,CYP,2009,0.0796
Cyprus,CYP,2010,0.16440000000000002
Cyprus,CYP,2011,0.3115
Cyprus,CYP,2012,0.0655
Cyprus,CYP,2013,0.1532
Cyprus,CYP,2014,0.1401
Cyprus,CYP,2015,0.1405
Cyprus,CYP,2016,0.1187
Cyprus,CYP,2017,0.1198
Cyprus,CYP,2018,0.11950000000000001
Eastern Asia,,1985,1.6883000000000001
Eastern Asia,,1986,1.6867
Eastern Asia,,1987,1.6854
Eastern Asia,,1988,1.6860000000000002
Eastern Asia,,1989,1.7021000000000002
Eastern Asia,,1990,1.7000000000000002
Eastern Asia,,1991,1.7143000000000002
Eastern Asia,,1992,1.6972
Eastern Asia,,1993,1.726
Eastern Asia,,1994,1.7427000000000001
Eastern Asia,,1995,1.7273
Eastern Asia,,1996,1.8191000000000002
Eastern Asia,,1997,1.9167
Eastern Asia,,1998,1.6
Eastern Asia,,1999,2.1429
Eastern Asia,,2000,2.125
Eastern Asia,,2001,2
Eastern Asia,,2002,2.0772
Eastern Asia,,2003,2.1327000000000003
Eastern Asia,,2004,2.1818
Eastern Asia,,2005,2.0833
Eastern Asia,,2006,2.3307
Eastern Asia,,2007,2.4512
Eastern Asia,,2008,2.596
Eastern Asia,,2009,2.8000000000000003
Eastern Asia,,2010,2.9231000000000003
Eastern Asia,,2011,3
Eastern Asia,,2012,2.9655
Eastern Asia,,2013,2.9655
Eastern Asia,,2014,3.0889
Eastern Asia,,2015,3.19
Eastern Asia,,2016,3.2944
Eastern Asia,,2017,3.3748
Eastern Asia,,2018,3.4552
Eastern Europe,,1985,0.7394000000000001
Eastern Europe,,1986,0.7509
Eastern Europe,,1987,0.7308
Eastern Europe,,1988,0.741
Eastern Europe,,1989,0.7283000000000001
Eastern Europe,,1990,0.736
Eastern Europe,,1991,0.7427
Eastern Europe,,1992,0.4178
Eastern Europe,,1993,0.3919
Eastern Europe,,1994,0.3808
Eastern Europe,,1995,0.43220000000000003
Eastern Europe,,1996,0.3106
Eastern Europe,,1997,0.3113
Eastern Europe,,1998,0.2616
Eastern Europe,,1999,0.5275000000000001
Eastern Europe,,2000,0.5531
Eastern Europe,,2001,0.4932
Eastern Europe,,2002,0.48550000000000004
Eastern Europe,,2003,0.37170000000000003
Eastern Europe,,2004,0.49470000000000003
Eastern Europe,,2005,0.437
Eastern Europe,,2006,0.41450000000000004
Eastern Europe,,2007,0.37460000000000004
Eastern Europe,,2008,0.30770000000000003
Eastern Europe,,2009,0.6404000000000001
Eastern Europe,,2010,0.5041
Eastern Europe,,2011,0.8157000000000001
Eastern Europe,,2012,0.7449
Eastern Europe,,2013,1.5763
Eastern Europe,,2014,1.1067
Eastern Europe,,2015,1.1202
Eastern Europe,,2016,1.0275
Eastern Europe,,2017,0.9627
Eastern Europe,,2018,1.1991
Eswatini,SWZ,1997,0.9722000000000001
Eswatini,SWZ,1998,0.9432
Eswatini,SWZ,1999,0.9458000000000001
Eswatini,SWZ,2000,0.9450000000000001
Eswatini,SWZ,2001,0.9444
Eswatini,SWZ,2002,0.9722000000000001
Eswatini,SWZ,2003,0.9615
Eswatini,SWZ,2004,0.9600000000000001
Eswatini,SWZ,2005,0.9938
Eswatini,SWZ,2006,0.9375
Eswatini,SWZ,2007,1.0343
Eswatini,SWZ,2008,1.0944
Eswatini,SWZ,2009,1.1453
Eswatini,SWZ,2010,1.1968
Eswatini,SWZ,2011,1.2498
Eswatini,SWZ,2012,1.5244
Eswatini,SWZ,2013,1.3496000000000001
Eswatini,SWZ,2014,1.3969
Eswatini,SWZ,2015,1.443
Eswatini,SWZ,2016,1.4991
Eswatini,SWZ,2017,1.542
Eswatini,SWZ,2018,1.5848
Europe,,1961,1.0768
Europe,,1962,0.502
Europe,,1963,0.7606
Europe,,1964,0.8173
Europe,,1965,0.7773
Europe,,1966,0.7949
Europe,,1967,0.9602
Europe,,1968,0.9158000000000001
Europe,,1969,0.6338
Europe,,1970,0.7558
Europe,,1971,0.5670000000000001
Europe,,1972,0.6868000000000001
Europe,,1973,0.5145000000000001
Europe,,1974,0.7169
Europe,,1975,0.5975
Europe,,1976,0.7248
Europe,,1977,0.5346000000000001
Europe,,1978,0.7531
Europe,,1979,0.45680000000000004
Europe,,1980,0.5829
Europe,,1981,0.8842000000000001
Europe,,1982,0.6724
Europe,,1983,0.5651
Europe,,1984,0.6094
Europe,,1985,0.618
Europe,,1986,0.5479
Europe,,1987,0.5579000000000001
Europe,,1988,0.48100000000000004
Europe,,1989,0.6558
Europe,,1990,0.5447000000000001
Europe,,1991,0.633
Europe,,1992,0.6358
Europe,,1993,0.6214000000000001
Europe,,1994,0.5449
Europe,,1995,0.4363
Europe,,1996,0.5359
Europe,,1997,0.7516
Europe,,1998,0.47850000000000004
Europe,,1999,0.6049
Europe,,2000,0.49050000000000005
Europe,,2001,0.5362
Europe,,2002,0.5606
Europe,,2003,0.46
Europe,,2004,0.3377
Europe,,2005,0.5238
Europe,,2006,0.6856
Europe,,2007,0.5169
Europe,,2008,0.5103
Europe,,2009,0.6245
Europe,,2010,0.5643
Europe,,2011,0.5536
Europe,,2012,0.5489
Europe,,2013,0.4218
Europe,,2014,0.5095000000000001
Europe,,2015,0.5098
Europe,,2016,0.4716
Europe,,2017,0.545
Europe,,2018,0.6196
"Europe, Western",,1985,2.3529
"Europe, Western",,1986,2.5235000000000003
"Europe, Western",,1987,2.6471
"Europe, Western",,1988,1.6471
"Europe, Western",,1989,2.1071
"Europe, Western",,1990,2.4706
"Europe, Western",,1991,3.1068000000000002
"Europe, Western",,1992,2.81
"Europe, Western",,1993,1.5270000000000001
"Europe, Western",,1994,2.0563000000000002
"Europe, Western",,1995,1.1756
"Europe, Western",,1996,1.1639000000000002
"Europe, Western",,1997,1.456
"Europe, Western",,1998,0.9135000000000001
"Europe, Western",,1999,1.0656
"Europe, Western",,2000,1.264
"Europe, Western",,2001,1.1355
"Europe, Western",,2002,1.6101
"Europe, Western",,2003,1.3622
"Europe, Western",,2004,1.6514
"Europe, Western",,2005,1.4886000000000001
"Europe, Western",,2006,1.3536000000000001
"Europe, Western",,2007,1.2305000000000001
"Europe, Western",,2008,0.8185
"Europe, Western",,2009,0.8505
"Europe, Western",,2010,0.5653
"Europe, Western",,2011,0.5062
"Europe, Western",,2012,0.8278000000000001
"Europe, Western",,2013,0.5949
"Europe, Western",,2014,0.9409000000000001
"Europe, Western",,2015,0.6940000000000001
"Europe, Western",,2016,0.9484
"Europe, Western",,2017,0.868
"Europe, Western",,2018,0.9295
European Union,,1961,1.0648
European Union,,1962,0.49610000000000004
European Union,,1963,0.741
European Union,,1964,0.8001
European Union,,1965,0.7577
European Union,,1966,0.7774000000000001
European Union,,1967,0.9382
European Union,,1968,0.8881
European Union,,1969,0.6203000000000001
European Union,,1970,0.7378
European Union,,1971,0.5556
European Union,,1972,0.6715
European Union,,1973,0.4993
European Union,,1974,0.7021000000000001
European Union,,1975,0.5863
European Union,,1976,0.7113
European Union,,1977,0.5222
European Union,,1978,0.7431
European Union,,1979,0.4469
European Union,,1980,0.5707
European Union,,1981,0.8646
European Union,,1982,0.6564
European Union,,1983,0.5476
European Union,,1984,0.5891000000000001
European Union,,1985,0.613
European Union,,1986,0.5419
European Union,,1987,0.5499
European Union,,1988,0.4716
European Union,,1989,0.6499
European Union,,1990,0.5354
European Union,,1991,0.625
European Union,,1992,0.6361
European Union,,1993,0.6236
European Union,,1994,0.5448000000000001
European Union,,1995,0.43960000000000005
European Union,,1996,0.5371
European Union,,1997,0.7535000000000001
European Union,,1998,0.4797
European Union,,1999,0.6036
European Union,,2000,0.4898
European Union,,2001,0.5341
European Union,,2002,0.5601
European Union,,2003,0.4565
European Union,,2004,0.33480000000000004
European Union,,2005,0.5209
European Union,,2006,0.681
European Union,,2007,0.5124000000000001
European Union,,2008,0.5073
European Union,,2009,0.6202000000000001
European Union,,2010,0.5614
European Union,,2011,0.5511
European Union,,2012,0.5454
European Union,,2013,0.41910000000000003
European Union,,2014,0.5067
European Union,,2015,0.5067
European Union,,2016,0.4691
European Union,,2017,0.5427000000000001
European Union,,2018,0.6174000000000001
France,FRA,1985,2.3529
France,FRA,1986,2.5235000000000003
France,FRA,1987,2.6471
France,FRA,1988,1.6471
France,FRA,1989,2.1071
France,FRA,1990,2.4706
France,FRA,1991,3.1068000000000002
France,FRA,1992,2.81
France,FRA,1993,1.5270000000000001
France,FRA,1994,2.0563000000000002
France,FRA,1995,1.1756
France,FRA,1996,1.1639000000000002
France,FRA,1997,1.456
France,FRA,1998,0.9135000000000001
France,FRA,1999,1.0656
France,FRA,2000,1.264
France,FRA,2001,1.1355
France,FRA,2002,1.6101
France,FRA,2003,1.3622
France,FRA,2004,1.6514
France,FRA,2005,1.4886000000000001
France,FRA,2006,1.3536000000000001
France,FRA,2007,1.2305000000000001
France,FRA,2008,0.8185
France,FRA,2009,0.8505
France,FRA,2010,0.5653
France,FRA,2011,0.5062
France,FRA,2012,0.8278000000000001
France,FRA,2013,0.5949
France,FRA,2014,0.9409000000000001
France,FRA,2015,0.6940000000000001
France,FRA,2016,0.9484
France,FRA,2017,0.868
France,FRA,2018,0.9295
Georgia,GEO,1992,0.9444
Georgia,GEO,1993,0.8092
Georgia,GEO,1994,0.21430000000000002
Georgia,GEO,1995,1.25
Georgia,GEO,1996,1
Georgia,GEO,1997,0.8887
Georgia,GEO,1998,0.9004000000000001
Georgia,GEO,1999,0.9124
Georgia,GEO,2000,0.8297
Georgia,GEO,2001,0.8784000000000001
Georgia,GEO,2002,0.8716
Georgia,GEO,2003,0.882
Georgia,GEO,2004,0.893
Georgia,GEO,2005,0.9066000000000001
Georgia,GEO,2006,0.9286000000000001
Georgia,GEO,2007,0.9872000000000001
Georgia,GEO,2008,1
Georgia,GEO,2009,1
Georgia,GEO,2010,0.9827
Georgia,GEO,2011,0.9868
Georgia,GEO,2012,0.9878
Georgia,GEO,2013,0.9988
Georgia,GEO,2014,0.9914000000000001
Georgia,GEO,2015,0.994
Georgia,GEO,2016,0.9903000000000001
Georgia,GEO,2017,0.9971000000000001
Georgia,GEO,2018,1.0039
Greece,GRC,1985,1.3611
Greece,GRC,1986,1.2368000000000001
Greece,GRC,1987,0.8379000000000001
Greece,GRC,1988,1.5514000000000001
Greece,GRC,1989,1.5828
Greece,GRC,1990,1.3691
Greece,GRC,1991,1.4983
Greece,GRC,1992,1.7355
Greece,GRC,1993,2.1934
Greece,GRC,1994,2.3336
Greece,GRC,1995,2.3173
Greece,GRC,1996,2.1332
Greece,GRC,1997,2.367
Greece,GRC,1998,1.7476
Greece,GRC,1999,2.6445000000000003
Greece,GRC,2000,2.2779000000000003
Greece,GRC,2001,2.5927000000000002
Greece,GRC,2002,1.8805
Greece,GRC,2003,1.8618000000000001
Greece,GRC,2004,2.6569000000000003
Greece,GRC,2005,2.7363
Greece,GRC,2006,2.9326000000000003
Greece,GRC,2007,2.74
Greece,GRC,2008,2.7744
Greece,GRC,2009,2.3991000000000002
Greece,GRC,2010,2.6826000000000003
Greece,GRC,2011,2.5303
Greece,GRC,2012,2.6828000000000003
Greece,GRC,2013,2.5620000000000003
Greece,GRC,2014,3.1749
Greece,GRC,2015,3.1677
Greece,GRC,2016,3.1797
Greece,GRC,2017,3.2659000000000002
Greece,GRC,2018,3.2175000000000002
Hungary,HUN,1985,1.6928
Hungary,HUN,1986,1.6892
Hungary,HUN,1987,1.6945000000000001
Hungary,HUN,1988,1.7080000000000002
Hungary,HUN,1989,1.6833
Hungary,HUN,1990,1.6713
Hungary,HUN,1991,1.6680000000000001
Hungary,HUN,1992,1.1433
Hungary,HUN,1993,1.1063
Hungary,HUN,1994,1.07
Hungary,HUN,1995,1.0342
Hungary,HUN,1996,0.9855
Hungary,HUN,1997,0.9593
Hungary,HUN,1998,0.7833
Hungary,HUN,1999,0.788
Hungary,HUN,2000,0.7556
Hungary,HUN,2001,0.6900000000000001
Hungary,HUN,2002,0.9073
Hungary,HUN,2003,0.7179
Hungary,HUN,2004,1.0087000000000002
Hungary,HUN,2005,0.8683000000000001
Hungary,HUN,2006,1.2624
Hungary,HUN,2007,0.8792000000000001
Hungary,HUN,2008,0.7816000000000001
Hungary,HUN,2009,0.6698000000000001
Hungary,HUN,2010,0.5556
Hungary,HUN,2011,0.6296
Hungary,HUN,2012,0.5333
Hungary,HUN,2013,0.7647
Hungary,HUN,2014,0.7778
Hungary,HUN,2015,0.8105
Hungary,HUN,2016,0.5051
Hungary,HUN,2017,0.48100000000000004
Hungary,HUN,2018,0.4368
Iran,IRN,1961,1.6
Iran,IRN,1962,2
Iran,IRN,1963,1.5385
Iran,IRN,1964,1.5385
Iran,IRN,1965,1.7692
Iran,IRN,1966,0.6667000000000001
Iran,IRN,1967,1.3333000000000002
Iran,IRN,1968,1.7000000000000002
Iran,IRN,1969,1.4500000000000002
Iran,IRN,1970,1.25
Iran,IRN,1971,1.5667
Iran,IRN,1972,1.9000000000000001
Iran,IRN,1973,1.6333
Iran,IRN,1974,1.5333
Iran,IRN,1975,1.4333
Iran,IRN,1976,1.6667
Iran,IRN,1977,1.5
Iran,IRN,1978,1.8333000000000002
Iran,IRN,1979,1.6
Iran,IRN,1980,1.6667
Iran,IRN,1981,1.4068
Iran,IRN,1982,2.0168
Iran,IRN,1983,1.8598000000000001
Iran,IRN,1984,2.0307
Iran,IRN,1985,1.7907000000000002
Iran,IRN,1986,2.0713
Iran,IRN,1987,1.7339
Iran,IRN,1988,1.7243000000000002
Iran,IRN,1989,1.7422000000000002
Iran,IRN,1990,1.6036000000000001
Iran,IRN,1991,1.5793000000000001
Iran,IRN,1992,1.5867
Iran,IRN,1993,1.572
Iran,IRN,1994,1.7662
Iran,IRN,1995,1.2345000000000002
Iran,IRN,1996,1.308
Iran,IRN,1997,0.9665
Iran,IRN,1998,1.2901
Iran,IRN,1999,1.0763
Iran,IRN,2000,0.8732000000000001
Iran,IRN,2001,0.9243
Iran,IRN,2002,0.9628000000000001
Iran,IRN,2003,1.0567
Iran,IRN,2004,0.5919
Iran,IRN,2005,0.7673
Iran,IRN,2006,1.1536
Iran,IRN,2007,1.0178
Iran,IRN,2008,0.8312
Iran,IRN,2009,0.6473
Iran,IRN,2010,0.8501000000000001
Iran,IRN,2011,0.9484
Iran,IRN,2012,0.8918
Iran,IRN,2013,0.8639
Iran,IRN,2014,1.4729
Iran,IRN,2015,1.5699
Iran,IRN,2016,0.8837
Iran,IRN,2017,2.5477000000000003
Iran,IRN,2018,0.8865000000000001
Iraq,IRQ,1985,1.4894
Iraq,IRQ,1986,1.5957000000000001
Iraq,IRQ,1987,1.4894
Iraq,IRQ,1988,1.5319
Iraq,IRQ,1989,1.5745
Iraq,IRQ,1990,1.5464
Iraq,IRQ,1991,1.1656
Iraq,IRQ,1992,1.1664
Iraq,IRQ,1993,1.1672
Iraq,IRQ,1994,1.1680000000000001
Iraq,IRQ,1995,1.1688
Iraq,IRQ,1996,1.1574
Iraq,IRQ,1997,1.1662000000000001
Iraq,IRQ,1998,1.2842
Iraq,IRQ,1999,1.1422
Iraq,IRQ,2000,1.0638
Iraq,IRQ,2001,1.1349
Iraq,IRQ,2002,1.1
Iraq,IRQ,2003,1.1380000000000001
Iraq,IRQ,2004,1.1371
Iraq,IRQ,2005,1.1398000000000001
Iraq,IRQ,2006,1.1433
Iraq,IRQ,2007,0.8667
Iraq,IRQ,2008,1.1401000000000001
Iraq,IRQ,2009,1.1774
Iraq,IRQ,2010,1.2168
Iraq,IRQ,2011,1.2576
Iraq,IRQ,2012,1.75
Iraq,IRQ,2013,1.3443
Iraq,IRQ,2014,1.3493000000000002
Iraq,IRQ,2015,1.3982
Iraq,IRQ,2016,1.4444000000000001
Iraq,IRQ,2017,1.4686000000000001
Iraq,IRQ,2018,1.4928000000000001
Israel,ISR,1961,0.15
Israel,ISR,1962,0.2273
Israel,ISR,1963,0.375
Israel,ISR,1964,0.4615
Israel,ISR,1965,0.4706
Israel,ISR,1966,0.3947
Israel,ISR,1967,0.5217
Israel,ISR,1968,0.7083
Israel,ISR,1969,0.68
Israel,ISR,1970,0.6923
Israel,ISR,1971,0.7778
Israel,ISR,1972,1.0152
Israel,ISR,1973,0.6579
Israel,ISR,1974,0.7442000000000001
Israel,ISR,1975,0.7553000000000001
Israel,ISR,1976,0.9756
Israel,ISR,1977,1.0488
Israel,ISR,1978,1.1111
Israel,ISR,1979,1.1898
Israel,ISR,1980,0.8197
Israel,ISR,1981,0.9461
Israel,ISR,1982,0.743
Israel,ISR,1983,0.6192000000000001
Israel,ISR,1984,1.0458
Israel,ISR,1985,0.3977
Israel,ISR,1986,1.1111
Israel,ISR,1987,0.5498000000000001
Israel,ISR,1988,0.9184
Israel,ISR,1989,0.9333
Israel,ISR,1990,1.2141
Israel,ISR,1991,1.1343
Israel,ISR,1992,1.1152
Israel,ISR,1993,1.2782
Israel,ISR,1994,1.0833000000000002
Israel,ISR,1995,1.2971000000000001
Israel,ISR,1996,1.2425000000000002
Israel,ISR,1997,1.9917
Israel,ISR,1998,1.2594
Israel,ISR,1999,1.2613
Israel,ISR,2000,1.8349000000000002
Israel,ISR,2001,1.5892000000000002
Israel,ISR,2002,4.6619
Israel,ISR,2003,2.8112
Israel,ISR,2004,1.6840000000000002
Israel,ISR,2005,3.3524000000000003
Israel,ISR,2006,3.4911000000000003
Israel,ISR,2007,3.2390000000000003
Israel,ISR,2008,3.4867000000000004
Israel,ISR,2009,3.4594
Israel,ISR,2010,9.189
Israel,ISR,2011,14.0708
Israel,ISR,2012,25.8621
Israel,ISR,2013,40.284400000000005
Israel,ISR,2014,18.6111
Israel,ISR,2015,16.4384
Israel,ISR,2016,22.3684
Israel,ISR,2017,22.482300000000002
Israel,ISR,2018,21.418100000000003
Italy,ITA,1961,1.0396
Italy,ITA,1962,0.3156
Italy,ITA,1963,0.6923
Italy,ITA,1964,0.8257
Italy,ITA,1965,0.7375
Italy,ITA,1966,0.7788
Italy,ITA,1967,0.8126
Italy,ITA,1968,0.9923000000000001
Italy,ITA,1969,0.6472
Italy,ITA,1970,0.7791
Italy,ITA,1971,0.4842
Italy,ITA,1972,0.5149
Italy,ITA,1973,0.2495
Italy,ITA,1974,0.49110000000000004
Italy,ITA,1975,0.438
Italy,ITA,1976,0.5862
Italy,ITA,1977,0.7897000000000001
Italy,ITA,1978,0.8121
Italy,ITA,1979,0.47640000000000005
Italy,ITA,1980,0.7531
Italy,ITA,1981,1.3102
Italy,ITA,1982,0.5767
Italy,ITA,1983,0.9859
Italy,ITA,1984,0.788
Italy,ITA,1985,0.8396
Italy,ITA,1986,0.9853000000000001
Italy,ITA,1987,0.9849
Italy,ITA,1988,0.9883000000000001
Italy,ITA,1989,0.8113
Italy,ITA,1990,0.7886000000000001
Italy,ITA,1991,1.0596
Italy,ITA,1992,0.8599
Italy,ITA,1993,0.8816
Italy,ITA,1994,0.8779
Italy,ITA,1995,0.9540000000000001
Italy,ITA,1996,0.9049
Italy,ITA,1997,1.1462
Italy,ITA,1998,0.9840000000000001
Italy,ITA,1999,1.1574
Italy,ITA,2000,1.1837
Italy,ITA,2001,1.1994
Italy,ITA,2002,1.2191
Italy,ITA,2003,1.0733000000000001
Italy,ITA,2004,1.2518
Italy,ITA,2005,1.4237
Italy,ITA,2006,1.3800000000000001
Italy,ITA,2007,1.4088
Italy,ITA,2008,1.493
Italy,ITA,2009,1.3422
Italy,ITA,2010,1.2550000000000001
Italy,ITA,2011,1.3888
Italy,ITA,2012,1.3131000000000002
Italy,ITA,2013,1.3061
Italy,ITA,2014,1.3512
Italy,ITA,2015,1.2114
Italy,ITA,2016,1.2989000000000002
Italy,ITA,2017,1.3820000000000001
Italy,ITA,2018,1.3762
Jordan,JOR,1961,1.25
Jordan,JOR,1962,1.2
Jordan,JOR,1963,1.2
Jordan,JOR,1964,1.2
Jordan,JOR,1965,1.2469000000000001
Jordan,JOR,1966,1.2203000000000002
Jordan,JOR,1967,1.2308000000000001
Jordan,JOR,1968,4
Jordan,JOR,1969,1.5370000000000001
Jordan,JOR,1971,2.452
Jordan,JOR,1972,3.0306
Jordan,JOR,1973,2.0294000000000003
Jordan,JOR,1974,1.587
Jordan,JOR,1975,0.7169
Jordan,JOR,1976,4
Jordan,JOR,1977,4.3429
Jordan,JOR,1978,1.3793
Jordan,JOR,1979,1.9780000000000002
Jordan,JOR,1980,3.4826
Jordan,JOR,1981,4.697
Jordan,JOR,1982,4.604
Jordan,JOR,1983,2
Jordan,JOR,1984,1.252
Jordan,JOR,1985,1.635
Jordan,JOR,1986,1.1971
Jordan,JOR,1987,2.0763000000000003
Jordan,JOR,1988,2.1728
Jordan,JOR,1989,2.2567
Jordan,JOR,1990,2.4138
Jordan,JOR,1991,3.6226000000000003
Jordan,JOR,1992,3.7353
Jordan,JOR,1993,4.2704
Jordan,JOR,1994,3.4186
Jordan,JOR,1995,3.8538
Jordan,JOR,1996,3.7038
Jordan,JOR,1997,2.0085
Jordan,JOR,1998,2.1649000000000003
Jordan,JOR,1999,2.2643
Jordan,JOR,2000,3.4614000000000003
Jordan,JOR,2001,2.0981
Jordan,JOR,2002,5.1642
Jordan,JOR,2003,4.4125000000000005
Jordan,JOR,2004,4.3625
Jordan,JOR,2005,4.9813
Jordan,JOR,2006,6.550000000000001
Jordan,JOR,2007,4.2843
Jordan,JOR,2008,4.2939
Jordan,JOR,2009,3.2045000000000003
Jordan,JOR,2010,7.728400000000001
Jordan,JOR,2011,6.0479
Jordan,JOR,2012,6.076700000000001
Jordan,JOR,2013,6.935300000000001
Jordan,JOR,2014,6.935300000000001
Jordan,JOR,2015,10.4498
Jordan,JOR,2016,11.320400000000001
Jordan,JOR,2017,11.279300000000001
Jordan,JOR,2018,6.765700000000001
Kazakhstan,KAZ,1995,2
Kazakhstan,KAZ,1996,1.9651
Kazakhstan,KAZ,1997,1.9516
Kazakhstan,KAZ,1998,1.9372
Kazakhstan,KAZ,1999,1.9219000000000002
Kazakhstan,KAZ,2000,1.9058000000000002
Kazakhstan,KAZ,2001,1.8888
Kazakhstan,KAZ,2002,1.871
Kazakhstan,KAZ,2003,1.8524
Kazakhstan,KAZ,2004,1.8263
Kazakhstan,KAZ,2005,1.7926000000000002
Kazakhstan,KAZ,2006,2.6667
Kazakhstan,KAZ,2007,1.6277000000000001
Kazakhstan,KAZ,2008,1
Kazakhstan,KAZ,2009,1.4577
Kazakhstan,KAZ,2010,1.4186
Kazakhstan,KAZ,2011,1.3795000000000002
Kazakhstan,KAZ,2012,1.1111
Kazakhstan,KAZ,2013,1.2563
Kazakhstan,KAZ,2014,1
Kazakhstan,KAZ,2015,1.0139
Kazakhstan,KAZ,2016,1.0190000000000001
Kazakhstan,KAZ,2017,0.9406
Kazakhstan,KAZ,2018,0.9912000000000001
Kyrgyzstan,KGZ,1992,0.5
Kyrgyzstan,KGZ,1993,0.5454
Kyrgyzstan,KGZ,1994,0.6185
Kyrgyzstan,KGZ,1995,0.6948000000000001
Kyrgyzstan,KGZ,1996,0.7747
Kyrgyzstan,KGZ,1997,0.8586
Kyrgyzstan,KGZ,1998,0.9468000000000001
Kyrgyzstan,KGZ,1999,1.0395
Kyrgyzstan,KGZ,2000,1.1367
Kyrgyzstan,KGZ,2001,1.2387000000000001
Kyrgyzstan,KGZ,2002,1.25
Kyrgyzstan,KGZ,2003,1.4628
Kyrgyzstan,KGZ,2004,1.5873000000000002
Kyrgyzstan,KGZ,2005,1.7184000000000001
Kyrgyzstan,KGZ,2006,1.8525
Kyrgyzstan,KGZ,2007,1.9889000000000001
Kyrgyzstan,KGZ,2008,2.1274
Kyrgyzstan,KGZ,2009,2.2675
Kyrgyzstan,KGZ,2010,2.5
Kyrgyzstan,KGZ,2011,2.5488
Kyrgyzstan,KGZ,2012,2.7642
Kyrgyzstan,KGZ,2013,2.8019000000000003
Kyrgyzstan,KGZ,2014,2.8333
Kyrgyzstan,KGZ,2015,2.9909000000000003
Kyrgyzstan,KGZ,2016,3.2538
Kyrgyzstan,KGZ,2017,3.3186
Kyrgyzstan,KGZ,2018,3.4497
Land Locked Developing Countries,,1976,1.661
Land Locked Developing Countries,,1977,1.5
Land Locked Developing Countries,,1978,2
Land Locked Developing Countries,,1979,1.75
Land Locked Developing Countries,,1980,1.7069
Land Locked Developing Countries,,1981,1.3793
Land Locked Developing Countries,,1982,1.8966
Land Locked Developing Countries,,1983,1.7018
Land Locked Developing Countries,,1984,1.8421
Land Locked Developing Countries,,1985,1.6071
Land Locked Developing Countries,,1986,1.8182
Land Locked Developing Countries,,1987,1.6364
Land Locked Developing Countries,,1988,1.6667
Land Locked Developing Countries,,1989,1.6296000000000002
Land Locked Developing Countries,,1990,1.36
Land Locked Developing Countries,,1991,1.3921000000000001
Land Locked Developing Countries,,1992,1.23
Land Locked Developing Countries,,1993,1.1195000000000002
Land Locked Developing Countries,,1994,1.1069
Land Locked Developing Countries,,1995,1.1085
Land Locked Developing Countries,,1996,1.1475
Land Locked Developing Countries,,1997,1.1162
Land Locked Developing Countries,,1998,1.0953000000000002
Land Locked Developing Countries,,1999,1.2136
Land Locked Developing Countries,,2000,1.2922
Land Locked Developing Countries,,2001,1.3371
Land Locked Developing Countries,,2002,1.5072
Land Locked Developing Countries,,2003,1.7209
Land Locked Developing Countries,,2004,1.4843000000000002
Land Locked Developing Countries,,2005,1.5025000000000002
Land Locked Developing Countries,,2006,1.7670000000000001
Land Locked Developing Countries,,2007,2.0281000000000002
Land Locked Developing Countries,,2008,2.3677
Land Locked Developing Countries,,2009,2.4891
Land Locked Developing Countries,,2010,2.854
Land Locked Developing Countries,,2011,2.8507000000000002
Land Locked Developing Countries,,2012,2.782
Land Locked Developing Countries,,2013,2.2465
Land Locked Developing Countries,,2014,1.8454000000000002
Land Locked Developing Countries,,2015,1.9035000000000002
Land Locked Developing Countries,,2016,1.7677
Land Locked Developing Countries,,2017,1.3159
Land Locked Developing Countries,,2018,1.9138000000000002
Least Developed Countries,,1976,1.661
Least Developed Countries,,1977,1.5
Least Developed Countries,,1978,2
Least Developed Countries,,1979,1.75
Least Developed Countries,,1980,1.7069
Least Developed Countries,,1981,1.3603
Least Developed Countries,,1982,1.8658000000000001
Least Developed Countries,,1983,1.6747
Least Developed Countries,,1984,1.8125
Least Developed Countries,,1985,1.5814000000000001
Least Developed Countries,,1986,1.7873
Least Developed Countries,,1987,1.6106
Least Developed Countries,,1988,1.6397000000000002
Least Developed Countries,,1989,1.6043
Least Developed Countries,,1990,1.3445
Least Developed Countries,,1991,1.3747
Least Developed Countries,,1992,1.5003
Least Developed Countries,,1993,1.375
Least Developed Countries,,1994,1.3407
Least Developed Countries,,1995,1.3338
Least Developed Countries,,1996,1.3252000000000002
Least Developed Countries,,1997,1.3177
Least Developed Countries,,1998,1.3067
Least Developed Countries,,1999,1.5452000000000001
Least Developed Countries,,2000,1.3796000000000002
Least Developed Countries,,2001,1.4080000000000001
Least Developed Countries,,2002,1.612
Least Developed Countries,,2003,1.8344
Least Developed Countries,,2004,1.0946
Least Developed Countries,,2005,1.1776
Least Developed Countries,,2006,1.4559
Least Developed Countries,,2007,2.2287
Least Developed Countries,,2008,2.9429000000000003
Least Developed Countries,,2009,3.2378
Least Developed Countries,,2010,4.1006
Least Developed Countries,,2011,3.8101000000000003
Least Developed Countries,,2012,3.8887
Least Developed Countries,,2013,2.583
Least Developed Countries,,2014,1.7491
Least Developed Countries,,2015,1.4672
Least Developed Countries,,2016,1.5363
Least Developed Countries,,2017,1.2714
Least Developed Countries,,2018,1.5652000000000001
Lebanon,LBN,1961,1.4706000000000001
Lebanon,LBN,1962,1.1667
Lebanon,LBN,1963,1.25
Lebanon,LBN,1964,1.6364
Lebanon,LBN,1965,1.2766
Lebanon,LBN,1966,1.2002000000000002
Lebanon,LBN,1967,6.9976
Lebanon,LBN,1968,8.8485
Lebanon,LBN,1969,4.2998
Lebanon,LBN,1970,3.8313
Lebanon,LBN,1971,3.4135
Lebanon,LBN,1972,4.873600000000001
Lebanon,LBN,1973,7.0299000000000005
Lebanon,LBN,1974,5.8451
Lebanon,LBN,1975,5.5789
Lebanon,LBN,1976,5.5
Lebanon,LBN,1977,5.4545
Lebanon,LBN,1978,5
Lebanon,LBN,1979,4.6154
Lebanon,LBN,1980,4.6429
Lebanon,LBN,1981,4.2857
Lebanon,LBN,1982,4
Lebanon,LBN,1983,4.1958
Lebanon,LBN,1984,5.037
Lebanon,LBN,1985,5.4286
Lebanon,LBN,1986,5.8621
Lebanon,LBN,1987,6.2
Lebanon,LBN,1988,6.0606
Lebanon,LBN,1989,6.0526
Lebanon,LBN,1990,6.5
Lebanon,LBN,1991,6.921200000000001
Lebanon,LBN,1992,4.7259
Lebanon,LBN,1993,5.5357
Lebanon,LBN,1994,6
Lebanon,LBN,1995,7.3684
Lebanon,LBN,1996,8.7124
Lebanon,LBN,1997,5.4017
Lebanon,LBN,1998,4.7794
Lebanon,LBN,1999,4.4
Lebanon,LBN,2000,3.8129000000000004
Lebanon,LBN,2001,3.6427
Lebanon,LBN,2002,3.5803000000000003
Lebanon,LBN,2003,4.2746
Lebanon,LBN,2004,4.4355
Lebanon,LBN,2005,4.492100000000001
Lebanon,LBN,2006,4.494400000000001
Lebanon,LBN,2007,4.704000000000001
Lebanon,LBN,2008,4.7619
Lebanon,LBN,2009,5.197
Lebanon,LBN,2010,5.0055000000000005
Lebanon,LBN,2011,4.8563
Lebanon,LBN,2012,5.0705
Lebanon,LBN,2013,5.1219
Lebanon,LBN,2014,4.8363000000000005
Lebanon,LBN,2015,4.5483
Lebanon,LBN,2016,4.4973
Lebanon,LBN,2017,4.4482
Lebanon,LBN,2018,4.4322
Libya,LBY,1985,0.5
Libya,LBY,1986,0.5
Libya,LBY,1987,0.5512
Libya,LBY,1988,0.5512
Libya,LBY,1989,0.5512
Libya,LBY,1990,0.5337000000000001
Libya,LBY,1991,0.5172
Libya,LBY,1992,0.5051
Libya,LBY,1993,0.5
Libya,LBY,1994,0.5043
Libya,LBY,1995,0.5094000000000001
Libya,LBY,1996,0.5056
Libya,LBY,1997,0.5052
Libya,LBY,1998,0.5045000000000001
Libya,LBY,1999,0.5
Libya,LBY,2000,0.503
Libya,LBY,2001,0.503
Libya,LBY,2002,0.5032
Libya,LBY,2003,0.5031
Libya,LBY,2004,0.5
Libya,LBY,2005,0.505
Libya,LBY,2006,0.5098
Libya,LBY,2007,0.5146000000000001
Libya,LBY,2008,0.5192
Libya,LBY,2009,0.5524
Libya,LBY,2010,0.5566
Libya,LBY,2011,0.5660000000000001
Libya,LBY,2012,0.5818
Libya,LBY,2013,0.5736
Libya,LBY,2014,0.5704
Libya,LBY,2015,0.5758
Libya,LBY,2016,0.5859
Libya,LBY,2017,0.5919
Libya,LBY,2018,0.5979
Low Income Food Deficit Countries,,1961,0.7391000000000001
Low Income Food Deficit Countries,,1962,0.9600000000000001
Low Income Food Deficit Countries,,1963,0.8
Low Income Food Deficit Countries,,1964,0.8400000000000001
Low Income Food Deficit Countries,,1965,0.4726
Low Income Food Deficit Countries,,1966,1.4717
Low Income Food Deficit Countries,,1967,0.8398
Low Income Food Deficit Countries,,1968,1.1756
Low Income Food Deficit Countries,,1969,0.9498000000000001
Low Income Food Deficit Countries,,1970,2.2048
Low Income Food Deficit Countries,,1971,1.9314
Low Income Food Deficit Countries,,1972,2.3325
Low Income Food Deficit Countries,,1973,2.2051000000000003
Low Income Food Deficit Countries,,1974,1.5306000000000002
Low Income Food Deficit Countries,,1975,1.4819
Low Income Food Deficit Countries,,1976,1.3497000000000001
Low Income Food Deficit Countries,,1977,1.8191000000000002
Low Income Food Deficit Countries,,1978,1.7587000000000002
Low Income Food Deficit Countries,,1979,1.1516
Low Income Food Deficit Countries,,1980,0.8220000000000001
Low Income Food Deficit Countries,,1981,0.6122000000000001
Low Income Food Deficit Countries,,1982,0.7895000000000001
Low Income Food Deficit Countries,,1983,1.4714
Low Income Food Deficit Countries,,1984,1.5657
Low Income Food Deficit Countries,,1985,2.2737000000000003
Low Income Food Deficit Countries,,1986,3.2302
Low Income Food Deficit Countries,,1987,1.1905000000000001
Low Income Food Deficit Countries,,1988,1.4339000000000002
Low Income Food Deficit Countries,,1989,2.1715
Low Income Food Deficit Countries,,1990,0.9644
Low Income Food Deficit Countries,,1991,1.6763000000000001
Low Income Food Deficit Countries,,1992,1.5099
Low Income Food Deficit Countries,,1993,1.5586
Low Income Food Deficit Countries,,1994,1.4898
Low Income Food Deficit Countries,,1995,1.6219000000000001
Low Income Food Deficit Countries,,1996,1.6891
Low Income Food Deficit Countries,,1997,1.4122000000000001
Low Income Food Deficit Countries,,1998,2.4321
Low Income Food Deficit Countries,,1999,2.1513
Low Income Food Deficit Countries,,2000,2.2446
Low Income Food Deficit Countries,,2001,2.1014
Low Income Food Deficit Countries,,2002,3.0724
Low Income Food Deficit Countries,,2003,3.2598000000000003
Low Income Food Deficit Countries,,2004,2.3697
Low Income Food Deficit Countries,,2005,3.7972
Low Income Food Deficit Countries,,2006,2.1832000000000003
Low Income Food Deficit Countries,,2007,2.1538
Low Income Food Deficit Countries,,2008,2.2077
Low Income Food Deficit Countries,,2009,2.3861000000000003
Low Income Food Deficit Countries,,2010,2.0121
Low Income Food Deficit Countries,,2011,2.6543
Low Income Food Deficit Countries,,2012,1.6863000000000001
Low Income Food Deficit Countries,,2013,1.4912
Low Income Food Deficit Countries,,2014,0.8962
Low Income Food Deficit Countries,,2015,1.6421000000000001
Low Income Food Deficit Countries,,2016,1.5974000000000002
Low Income Food Deficit Countries,,2017,1.3827
Low Income Food Deficit Countries,,2018,1.6575
Mexico,MEX,1980,2.4511000000000003
Mexico,MEX,1981,3.5660000000000003
Mexico,MEX,1982,2.9791000000000003
Mexico,MEX,1983,3.4673000000000003
Mexico,MEX,1984,0.6364000000000001
Mexico,MEX,1985,0.9074000000000001
Mexico,MEX,1986,1.3486
Mexico,MEX,1987,0.7619
Mexico,MEX,1988,2.8493
Mexico,MEX,1989,7.7222
Mexico,MEX,1990,6.9661
Mexico,MEX,1991,1.6081
Mexico,MEX,1992,3.0698000000000003
Mexico,MEX,1993,2.8800000000000003
Mexico,MEX,1994,1.1573
Mexico,MEX,1995,1.2603
Mexico,MEX,1996,1.7937
Mexico,MEX,1997,1.7031
Mexico,MEX,1998,2.4918
Mexico,MEX,1999,1.2131
Mexico,MEX,2000,1.5902
Mexico,MEX,2001,1.5
Mexico,MEX,2002,2
Mexico,MEX,2003,2.1579
Mexico,MEX,2004,1.5
Mexico,MEX,2005,1.4365
Mexico,MEX,2006,1.5047000000000001
Mexico,MEX,2007,1.5475
Mexico,MEX,2008,1.5134
Mexico,MEX,2009,1.4794
Mexico,MEX,2010,1.4453
Mexico,MEX,2011,1.4121000000000001
Mexico,MEX,2012,1.4122000000000001
Mexico,MEX,2013,1.4124
Mexico,MEX,2014,1.3197
Mexico,MEX,2015,1.3357
Mexico,MEX,2016,1.3688
Mexico,MEX,2017,1.3474000000000002
Mexico,MEX,2018,1.326
Moldova,MDA,1992,2.1667
Moldova,MDA,1993,2.1667
Moldova,MDA,1994,2.1667
Moldova,MDA,1995,2.1667
Moldova,MDA,1996,2.1667
Moldova,MDA,1997,2.1667
Moldova,MDA,1998,2.1667
Moldova,MDA,1999,1.6667
Moldova,MDA,2000,1.6667
Moldova,MDA,2001,1.6667
Moldova,MDA,2002,1.6667
Moldova,MDA,2003,1.6667
Moldova,MDA,2004,1.6667
Moldova,MDA,2005,1.6667
Moldova,MDA,2006,1.6667
Moldova,MDA,2007,1.6667
Moldova,MDA,2008,1.6667
Moldova,MDA,2009,1.6667
Moldova,MDA,2010,1
Moldova,MDA,2011,2
Moldova,MDA,2012,2
Moldova,MDA,2013,2
Moldova,MDA,2014,2
Moldova,MDA,2015,1.8728
Moldova,MDA,2016,1.8708
Moldova,MDA,2017,1.9354
Moldova,MDA,2018,1.9546000000000001
Morocco,MAR,1980,0.42860000000000004
Morocco,MAR,1981,0.6685
Morocco,MAR,1982,0.6333000000000001
Morocco,MAR,1983,0.167
Morocco,MAR,1984,0.41150000000000003
Morocco,MAR,1985,0.3245
Morocco,MAR,1986,0.3718
Morocco,MAR,1987,0.3295
Morocco,MAR,1988,0.35710000000000003
Morocco,MAR,1989,0.5351
Morocco,MAR,1990,0.5393
Morocco,MAR,1991,0.6306
Morocco,MAR,1992,0.4701
Morocco,MAR,1993,0.4017
Morocco,MAR,1994,0.2456
Morocco,MAR,1995,0.35700000000000004
Morocco,MAR,1996,0.254
Morocco,MAR,1997,0.3844
Morocco,MAR,1998,0.38470000000000004
Morocco,MAR,1999,0.5849
Morocco,MAR,2000,0.4713
Morocco,MAR,2001,0.5938
Morocco,MAR,2002,0.6143000000000001
Morocco,MAR,2003,0.5386000000000001
Morocco,MAR,2004,0.4476
Morocco,MAR,2005,0.499
Morocco,MAR,2006,0.5804
Morocco,MAR,2007,0.5613
Morocco,MAR,2008,0.6025
Morocco,MAR,2009,0.8421000000000001
Morocco,MAR,2010,0.6133000000000001
Morocco,MAR,2011,0.6577000000000001
Morocco,MAR,2012,0.6556000000000001
Morocco,MAR,2013,0.5999
Morocco,MAR,2014,0.635
Morocco,MAR,2015,0.6107
Morocco,MAR,2016,0.6795
Morocco,MAR,2017,0.6843
Morocco,MAR,2018,0.6296
Nepal,NPL,1998,1
Nepal,NPL,1999,1
Nepal,NPL,2000,1
Nepal,NPL,2001,1
Nepal,NPL,2002,1
Nepal,NPL,2003,1
Nepal,NPL,2004,1
Nepal,NPL,2005,1
Nepal,NPL,2006,1
Nepal,NPL,2007,1
Nepal,NPL,2008,1
Nepal,NPL,2009,0.8182
Nepal,NPL,2010,0.7273000000000001
Nepal,NPL,2011,0.5
Nepal,NPL,2012,0.39440000000000003
Nepal,NPL,2013,0.6913
Nepal,NPL,2014,0.5876
Nepal,NPL,2015,0.5129
Nepal,NPL,2016,0.4657
Nepal,NPL,2017,0.5221
Nepal,NPL,2018,0.5002
Net Food Importing Developing Countries,,1961,0.2762
Net Food Importing Developing Countries,,1962,0.34840000000000004
Net Food Importing Developing Countries,,1963,0.41490000000000005
Net Food Importing Developing Countries,,1964,0.2898
Net Food Importing Developing Countries,,1965,0.2786
Net Food Importing Developing Countries,,1966,0.2717
Net Food Importing Developing Countries,,1967,0.337
Net Food Importing Developing Countries,,1968,0.201
Net Food Importing Developing Countries,,1969,0.2741
Net Food Importing Developing Countries,,1970,0.1777
Net Food Importing Developing Countries,,1971,0.19240000000000002
Net Food Importing Developing Countries,,1972,0.21680000000000002
Net Food Importing Developing Countries,,1973,0.26430000000000003
Net Food Importing Developing Countries,,1974,0.31620000000000004
Net Food Importing Developing Countries,,1975,0.301
Net Food Importing Developing Countries,,1976,0.33590000000000003
Net Food Importing Developing Countries,,1977,0.36250000000000004
Net Food Importing Developing Countries,,1978,0.41050000000000003
Net Food Importing Developing Countries,,1979,0.4033
Net Food Importing Developing Countries,,1980,0.42650000000000005
Net Food Importing Developing Countries,,1981,0.4581
Net Food Importing Developing Countries,,1982,0.4646
Net Food Importing Developing Countries,,1983,0.2536
Net Food Importing Developing Countries,,1984,0.2937
Net Food Importing Developing Countries,,1985,0.4686
Net Food Importing Developing Countries,,1986,0.4544
Net Food Importing Developing Countries,,1987,0.4524
Net Food Importing Developing Countries,,1988,0.39690000000000003
Net Food Importing Developing Countries,,1989,0.48400000000000004
Net Food Importing Developing Countries,,1990,0.5672
Net Food Importing Developing Countries,,1991,0.5621
Net Food Importing Developing Countries,,1992,0.5089
Net Food Importing Developing Countries,,1993,0.4969
Net Food Importing Developing Countries,,1994,0.4521
Net Food Importing Developing Countries,,1995,0.448
Net Food Importing Developing Countries,,1996,0.42710000000000004
Net Food Importing Developing Countries,,1997,0.5065000000000001
Net Food Importing Developing Countries,,1998,0.528
Net Food Importing Developing Countries,,1999,0.5829
Net Food Importing Developing Countries,,2000,0.47950000000000004
Net Food Importing Developing Countries,,2001,0.45530000000000004
Net Food Importing Developing Countries,,2002,0.4032
Net Food Importing Developing Countries,,2003,0.5303
Net Food Importing Developing Countries,,2004,0.4812
Net Food Importing Developing Countries,,2005,0.43960000000000005
Net Food Importing Developing Countries,,2006,0.5612
Net Food Importing Developing Countries,,2007,0.5627
Net Food Importing Developing Countries,,2008,0.636
Net Food Importing Developing Countries,,2009,0.7030000000000001
Net Food Importing Developing Countries,,2010,0.6707000000000001
Net Food Importing Developing Countries,,2011,0.6772
Net Food Importing Developing Countries,,2012,0.6871
Net Food Importing Developing Countries,,2013,0.5723
Net Food Importing Developing Countries,,2014,0.5809000000000001
Net Food Importing Developing Countries,,2015,0.5918
Net Food Importing Developing Countries,,2016,0.6095
Net Food Importing Developing Countries,,2017,0.5793
Net Food Importing Developing Countries,,2018,0.5905
North Macedonia,MKD,1992,1.0527
North Macedonia,MKD,1993,1.2646000000000002
North Macedonia,MKD,1994,1.4256
North Macedonia,MKD,1995,0.893
North Macedonia,MKD,1996,2.125
North Macedonia,MKD,1997,2.434
North Macedonia,MKD,1998,1.3218
North Macedonia,MKD,1999,1.5992000000000002
North Macedonia,MKD,2000,1.7822
North Macedonia,MKD,2001,1.8182
North Macedonia,MKD,2002,1.7333
North Macedonia,MKD,2003,1.8475000000000001
North Macedonia,MKD,2004,1.6066
North Macedonia,MKD,2005,1.2775
North Macedonia,MKD,2006,1.37
North Macedonia,MKD,2007,1.4747000000000001
North Macedonia,MKD,2008,1.5521
North Macedonia,MKD,2009,1.5223
North Macedonia,MKD,2010,1.5138
North Macedonia,MKD,2011,1.5053
North Macedonia,MKD,2012,1.4967000000000001
North Macedonia,MKD,2013,1.4882
North Macedonia,MKD,2014,1.5262
North Macedonia,MKD,2015,1.5378
North Macedonia,MKD,2016,1.532
North Macedonia,MKD,2017,1.5308000000000002
North Macedonia,MKD,2018,1.5297
Northern Africa,,1961,0.22790000000000002
Northern Africa,,1962,0.28750000000000003
Northern Africa,,1963,0.3316
Northern Africa,,1964,0.23170000000000002
Northern Africa,,1965,0.225
Northern Africa,,1966,0.21830000000000002
Northern Africa,,1967,0.2614
Northern Africa,,1968,0.16040000000000001
Northern Africa,,1969,0.2051
Northern Africa,,1970,0.1386
Northern Africa,,1971,0.1383
Northern Africa,,1972,0.1728
Northern Africa,,1973,0.2087
Northern Africa,,1974,0.2129
Northern Africa,,1975,0.2308
Northern Africa,,1976,0.2409
Northern Africa,,1977,0.24810000000000001
Northern Africa,,1978,0.2978
Northern Africa,,1979,0.2954
Northern Africa,,1980,0.326
Northern Africa,,1981,0.39980000000000004
Northern Africa,,1982,0.4015
Northern Africa,,1983,0.2053
Northern Africa,,1984,0.23870000000000002
Northern Africa,,1985,0.3607
Northern Africa,,1986,0.34700000000000003
Northern Africa,,1987,0.3638
Northern Africa,,1988,0.3247
Northern Africa,,1989,0.3997
Northern Africa,,1990,0.455
Northern Africa,,1991,0.4565
Northern Africa,,1992,0.40490000000000004
Northern Africa,,1993,0.4087
Northern Africa,,1994,0.35000000000000003
Northern Africa,,1995,0.341
Northern Africa,,1996,0.3592
Northern Africa,,1997,0.3884
Northern Africa,,1998,0.4132
Northern Africa,,1999,0.4681
Northern Africa,,2000,0.4242
Northern Africa,,2001,0.39430000000000004
Northern Africa,,2002,0.3816
Northern Africa,,2003,0.48000000000000004
Northern Africa,,2004,0.4645
Northern Africa,,2005,0.4423
Northern Africa,,2006,0.5493
Northern Africa,,2007,0.4792
Northern Africa,,2008,0.5175000000000001
Northern Africa,,2009,0.6007
Northern Africa,,2010,0.5474
Northern Africa,,2011,0.5447000000000001
Northern Africa,,2012,0.5935
Northern Africa,,2013,0.5337000000000001
Northern Africa,,2014,0.5898
Northern Africa,,2015,0.6302
Northern Africa,,2016,0.5974
Northern Africa,,2017,0.5745
Northern Africa,,2018,0.5740000000000001
Northern America,,1961,1.6669
Northern America,,1962,1.1558000000000002
Northern America,,1963,1.3684
Northern America,,1964,1.6517000000000002
Northern America,,1965,1.3932
Northern America,,1966,1.6126
Northern America,,1967,1.3781
Northern America,,1968,1.2362
Northern America,,1969,1.8355000000000001
Northern America,,1970,1.6360000000000001
Northern America,,1971,1.5995000000000001
Northern America,,1972,1.4088
Northern America,,1973,1.4063
Northern America,,1974,1.8326
Northern America,,1975,1.4417
Northern America,,1976,2.0252
Northern America,,1977,2.0188
Northern America,,1978,1.0396
Northern America,,1979,2.1006
Northern America,,1980,1.8137
Northern America,,1981,2.298
Northern America,,1982,1.8748
Northern America,,1983,1.2356
Northern America,,1984,2.8473
Northern America,,1985,2.1268000000000002
Northern America,,1986,1.125
Northern America,,1987,2.963
Northern America,,1988,2.6356
Northern America,,1989,2.2317
Northern America,,1990,3.0049
Northern America,,1991,2.2648
Northern America,,1992,2.5401000000000002
Northern America,,1993,2.1767000000000003
Northern America,,1994,3.0246
Northern America,,1995,1.6316000000000002
Northern America,,1996,2.2258
Northern America,,1997,3.0295
Northern America,,1998,2.0838
Northern America,,1999,3.2063
Northern America,,2000,2.6342000000000003
Northern America,,2001,2.8402000000000003
Northern America,,2002,3.6275000000000004
Northern America,,2003,3.5325
Northern America,,2004,3.4074
Northern America,,2005,2.9969
Northern America,,2006,3.6049
Northern America,,2007,4.683
Northern America,,2008,5.1238
Northern America,,2009,3.9887
Northern America,,2010,4.537100000000001
Northern America,,2011,5.6883
Northern America,,2012,4.9871
Northern America,,2013,5.0375000000000005
Northern America,,2014,4.3897
Northern America,,2015,3.4998
Northern America,,2016,3.5061
Northern America,,2017,3.5422000000000002
Northern America,,2018,4.245
Oceania,,1980,2.4476
Oceania,,1981,2.2414
Oceania,,1982,2.3311
Oceania,,1983,2.3077
Oceania,,1984,2.1765000000000003
Oceania,,1985,2.0513
Oceania,,1986,2.1304000000000003
Oceania,,1987,1.875
Oceania,,1988,1.8846
Oceania,,1989,1.7241000000000002
Oceania,,1990,1.6667
Oceania,,1991,2.9032
Oceania,,1992,2.4359
Oceania,,1993,2.1739
Oceania,,1994,2.3555
Oceania,,1995,2.6596
Oceania,,1996,2.7484
Oceania,,1997,3.125
Oceania,,1998,3.6082
Oceania,,1999,3.6
Oceania,,2000,3.5959000000000003
Oceania,,2001,1.604
Oceania,,2002,1.5436
Oceania,,2003,1.1775
Oceania,,2004,0.9021
Oceania,,2005,0.896
Oceania,,2006,0.6607000000000001
Oceania,,2007,0.7013
Oceania,,2008,2.3569
Oceania,,2009,0.6775
Oceania,,2010,3.0675000000000003
Oceania,,2011,1.1377000000000002
Oceania,,2012,1.0925
Oceania,,2013,1.9863000000000002
Oceania,,2014,1.9325
Oceania,,2015,2.0354
Oceania,,2016,1.9703000000000002
Oceania,,2017,1.9835
Oceania,,2018,1.8917000000000002
Pakistan,PAK,1961,2.8125
Pakistan,PAK,1962,2.7941000000000003
Pakistan,PAK,1963,2.7778
Pakistan,PAK,1964,2.7632000000000003
Pakistan,PAK,1965,2.75
Pakistan,PAK,1966,2.8049
Pakistan,PAK,1967,2.8571
Pakistan,PAK,1968,2.8409
Pakistan,PAK,1969,2.8261000000000003
Pakistan,PAK,1970,2.9167
Pakistan,PAK,1971,3
Pakistan,PAK,1972,2.9615
Pakistan,PAK,1973,3.5185
Pakistan,PAK,1974,4.6724000000000006
Pakistan,PAK,1975,3.7458
Pakistan,PAK,1976,3.6393
Pakistan,PAK,1977,3.9032
Pakistan,PAK,1978,3.5397000000000003
Pakistan,PAK,1979,3.6508000000000003
Pakistan,PAK,1980,3.6875
Pakistan,PAK,1981,3.3037
Pakistan,PAK,1982,3.6063
Pakistan,PAK,1983,4.1485
Pakistan,PAK,1984,4.1791
Pakistan,PAK,1985,4.1304
Pakistan,PAK,1986,4.1714
Pakistan,PAK,1987,4.0694
Pakistan,PAK,1988,4.0822
Pakistan,PAK,1989,4.0133
Pakistan,PAK,1990,4.12
Pakistan,PAK,1991,4.2903
Pakistan,PAK,1992,4.4421
Pakistan,PAK,1993,4.4066
Pakistan,PAK,1994,4.405600000000001
Pakistan,PAK,1995,4.7477
Pakistan,PAK,1996,4.7213
Pakistan,PAK,1997,4.6226
Pakistan,PAK,1998,4.605300000000001
Pakistan,PAK,1999,4.6435
Pakistan,PAK,2000,3.0130000000000003
Pakistan,PAK,2001,3.0259
Pakistan,PAK,2002,2.7630000000000003
Pakistan,PAK,2003,2.5661
Pakistan,PAK,2004,2.3640000000000003
Pakistan,PAK,2005,2.2506
Pakistan,PAK,2006,2.2528
Pakistan,PAK,2007,2.1616
Pakistan,PAK,2008,2.4063000000000003
Pakistan,PAK,2009,2.4
Pakistan,PAK,2010,2.0052000000000003
Pakistan,PAK,2011,1.9893
Pakistan,PAK,2012,1.9835
Pakistan,PAK,2013,2.1118
Pakistan,PAK,2014,2.0324
Pakistan,PAK,2015,2.0596
Pakistan,PAK,2016,2.0498000000000003
Pakistan,PAK,2017,2.1179
Pakistan,PAK,2018,2.0849
Palestine,PSE,1994,0.5194
Palestine,PSE,1995,1.3322
Palestine,PSE,1996,0.9629000000000001
Palestine,PSE,1997,0.8034
Palestine,PSE,1998,0.7364
Palestine,PSE,1999,0.6823
Palestine,PSE,2000,0.6659
Palestine,PSE,2001,0.6632
Palestine,PSE,2002,0.7663000000000001
Palestine,PSE,2003,0.7692
Palestine,PSE,2004,1.2770000000000001
Palestine,PSE,2005,1.2873
Palestine,PSE,2006,1.1612
Palestine,PSE,2007,1.0462
Palestine,PSE,2008,1.4067
Palestine,PSE,2009,1.3431
Palestine,PSE,2010,1.3076
Palestine,PSE,2011,1.3697000000000001
Palestine,PSE,2012,1.4202000000000001
Palestine,PSE,2013,1.4706000000000001
Palestine,PSE,2014,1.482
Palestine,PSE,2015,1.5394
Palestine,PSE,2016,1.5807
Palestine,PSE,2017,1.6222
Palestine,PSE,2018,1.6637000000000002
Portugal,PRT,1961,0.4324
Portugal,PRT,1962,0.4737
Portugal,PRT,1963,0.33330000000000004
Portugal,PRT,1964,0.36110000000000003
Portugal,PRT,1965,0.3684
Portugal,PRT,1966,0.1579
Portugal,PRT,1967,0.5
Portugal,PRT,1968,0.449
Portugal,PRT,1969,0.22440000000000002
Portugal,PRT,1970,0.5103
Portugal,PRT,1971,0.6122000000000001
Portugal,PRT,1972,0.5716
Portugal,PRT,1973,0.6123000000000001
Portugal,PRT,1974,0.4572
Portugal,PRT,1975,0.2857
Portugal,PRT,1976,0.4747
Portugal,PRT,1977,0.2857
Portugal,PRT,1978,0.43870000000000003
Portugal,PRT,1979,0.098
Portugal,PRT,1980,0.15910000000000002
Portugal,PRT,1981,0.2003
Portugal,PRT,1982,0.43860000000000005
Portugal,PRT,1983,0.5213
Portugal,PRT,1984,0.4164
Portugal,PRT,1985,0.3945
Portugal,PRT,1986,0.3487
Portugal,PRT,1987,0.4086
Portugal,PRT,1988,0.21450000000000002
Portugal,PRT,1989,0.5231
Portugal,PRT,1990,0.43
Portugal,PRT,1991,1.2439
Portugal,PRT,1992,1.0784
Portugal,PRT,1993,1.0497
Portugal,PRT,1994,0.6301
Portugal,PRT,1995,0.5674
Portugal,PRT,1996,0.7088
Portugal,PRT,1997,0.9878
Portugal,PRT,1998,0.6074
Portugal,PRT,1999,0.5805
Portugal,PRT,2000,0.4413
Portugal,PRT,2001,0.38680000000000003
Portugal,PRT,2002,0.4973
Portugal,PRT,2003,0.3981
Portugal,PRT,2004,0.35450000000000004
Portugal,PRT,2005,0.3477
Portugal,PRT,2006,0.3124
Portugal,PRT,2007,0.305
Portugal,PRT,2008,0.2582
Portugal,PRT,2009,0.3407
Portugal,PRT,2010,0.2612
Portugal,PRT,2011,0.2857
Portugal,PRT,2012,0.264
Portugal,PRT,2013,0.15610000000000002
Portugal,PRT,2014,0.3129
Portugal,PRT,2015,0.3347
Portugal,PRT,2016,0.27690000000000003
Portugal,PRT,2017,0.6805
Portugal,PRT,2018,0.4031
Slovenia,SVN,1992,1.0571000000000002
Slovenia,SVN,1993,2.64
Slovenia,SVN,1994,0.92
Slovenia,SVN,1995,0.6
Slovenia,SVN,1996,0.7200000000000001
Slovenia,SVN,2002,0.8649
Slovenia,SVN,2003,0.8441000000000001
Slovenia,SVN,2004,0.8255
Slovenia,SVN,2005,0.8092
Slovenia,SVN,2006,0.7928000000000001
Slovenia,SVN,2007,0.7765000000000001
Slovenia,SVN,2008,0.7601
Slovenia,SVN,2009,0.7438
Slovenia,SVN,2010,0.7274
Slovenia,SVN,2011,0.7132000000000001
Slovenia,SVN,2012,0.7123
Slovenia,SVN,2013,0.7114
Slovenia,SVN,2014,0.6256
Slovenia,SVN,2015,0.5681
Slovenia,SVN,2016,0.552
Slovenia,SVN,2017,0.5461
Slovenia,SVN,2018,0.5449
South America,,1985,0.6288
South America,,1986,0.655
South America,,1987,0.6526000000000001
South America,,1988,0.6259
South America,,1989,0.6277
South America,,1990,0.6321
South America,,1991,0.6256
South America,,1992,0.6701
South America,,1993,0.7111000000000001
South America,,1994,0.6988000000000001
South America,,1995,0.6966
South America,,1996,1.101
South America,,1997,1.1303
South America,,1998,1.087
South America,,1999,1.2818
South America,,2000,1.3712
South America,,2001,1.433
South America,,2002,1.5628
South America,,2003,1.5088000000000001
South America,,2004,1.5166000000000002
South America,,2005,1.6988
South America,,2006,2.5561000000000003
South America,,2007,2.883
South America,,2008,2.8594
South America,,2009,2.8578
South America,,2010,2.9342
South America,,2011,3.1641000000000004
South America,,2012,3.2753
South America,,2013,3.4204000000000003
South America,,2014,3.5741
South America,,2015,3.7382
South America,,2016,3.7487000000000004
South America,,2017,3.8553
South America,,2018,3.9651
Southern Africa,,1997,0.9722000000000001
Southern Africa,,1998,0.9432
Southern Africa,,1999,0.9458000000000001
Southern Africa,,2000,0.9450000000000001
Southern Africa,,2001,0.9444
Southern Africa,,2002,0.9722000000000001
Southern Africa,,2003,0.9615
Southern Africa,,2004,0.9600000000000001
Southern Africa,,2005,0.9938
Southern Africa,,2006,0.9375
Southern Africa,,2007,1.0343
Southern Africa,,2008,1.0944
Southern Africa,,2009,1.1453
Southern Africa,,2010,1.1968
Southern Africa,,2011,1.2498
Southern Africa,,2012,1.5244
Southern Africa,,2013,1.3496000000000001
Southern Africa,,2014,1.3969
Southern Africa,,2015,1.443
Southern Africa,,2016,1.4991
Southern Africa,,2017,1.542
Southern Africa,,2018,1.5848
Southern Asia,,1961,1.8132000000000001
Southern Asia,,1962,2.1467
Southern Asia,,1963,1.8072000000000001
Southern Asia,,1964,1.8155000000000001
Southern Asia,,1965,2
Southern Asia,,1966,1.3359
Southern Asia,,1967,1.6667
Southern Asia,,1968,1.9057000000000002
Southern Asia,,1969,1.7073
Southern Asia,,1970,1.5726
Southern Asia,,1971,1.7714
Southern Asia,,1972,2.0568
Southern Asia,,1973,1.9209
Southern Asia,,1974,2.0419
Southern Asia,,1975,1.8134000000000001
Southern Asia,,1976,1.9524000000000001
Southern Asia,,1977,1.8531000000000002
Southern Asia,,1978,2.1111
Southern Asia,,1979,1.9267
Southern Asia,,1980,1.9787000000000001
Southern Asia,,1981,1.691
Southern Asia,,1982,2.2516000000000003
Southern Asia,,1983,2.1675
Southern Asia,,1984,2.3182
Southern Asia,,1985,2.1212
Southern Asia,,1986,2.3451
Southern Asia,,1987,2.065
Southern Asia,,1988,2.0628
Southern Asia,,1989,2.0638
Southern Asia,,1990,1.931
Southern Asia,,1991,1.9603000000000002
Southern Asia,,1992,2.0193000000000003
Southern Asia,,1993,1.9545000000000001
Southern Asia,,1994,2.1308000000000002
Southern Asia,,1995,1.7134
Southern Asia,,1996,1.7457
Southern Asia,,1997,1.4225
Southern Asia,,1998,1.6519000000000001
Southern Asia,,1999,1.4891
Southern Asia,,2000,1.141
Southern Asia,,2001,1.1623
Southern Asia,,2002,1.1498000000000002
Southern Asia,,2003,1.2268000000000001
Southern Asia,,2004,0.7712
Southern Asia,,2005,0.9123
Southern Asia,,2006,1.2541
Southern Asia,,2007,1.1973
Southern Asia,,2008,1.1291
Southern Asia,,2009,0.9066000000000001
Southern Asia,,2010,1.2083000000000002
Southern Asia,,2011,1.3419
Southern Asia,,2012,1.2793
Southern Asia,,2013,1.075
Southern Asia,,2014,1.5855000000000001
Southern Asia,,2015,1.6239000000000001
Southern Asia,,2016,1.0614000000000001
Southern Asia,,2017,2.2069
Southern Asia,,2018,1.0390000000000001
Southern Europe,,1961,1.0615
Southern Europe,,1962,0.4877
Southern Europe,,1963,0.7451
Southern Europe,,1964,0.8047000000000001
Southern Europe,,1965,0.7631
Southern Europe,,1966,0.7822
Southern Europe,,1967,0.9433
Southern Europe,,1968,0.899
Southern Europe,,1969,0.6155
Southern Europe,,1970,0.7376
Southern Europe,,1971,0.5503
Southern Europe,,1972,0.668
Southern Europe,,1973,0.49520000000000003
Southern Europe,,1974,0.6999000000000001
Southern Europe,,1975,0.5808
Southern Europe,,1976,0.7056
Southern Europe,,1977,0.519
Southern Europe,,1978,0.735
Southern Europe,,1979,0.4394
Southern Europe,,1980,0.5654
Southern Europe,,1981,0.865
Southern Europe,,1982,0.6566000000000001
Southern Europe,,1983,0.5432
Southern Europe,,1984,0.5883
Southern Europe,,1985,0.6115
Southern Europe,,1986,0.538
Southern Europe,,1987,0.5483
Southern Europe,,1988,0.4703
Southern Europe,,1989,0.6502
Southern Europe,,1990,0.5338
Southern Europe,,1991,0.6242
Southern Europe,,1992,0.6328
Southern Europe,,1993,0.6209
Southern Europe,,1994,0.5423
Southern Europe,,1995,0.4345
Southern Europe,,1996,0.5364
Southern Europe,,1997,0.7537
Southern Europe,,1998,0.47940000000000005
Southern Europe,,1999,0.6042000000000001
Southern Europe,,2000,0.4887
Southern Europe,,2001,0.5353
Southern Europe,,2002,0.5591
Southern Europe,,2003,0.45880000000000004
Southern Europe,,2004,0.33480000000000004
Southern Europe,,2005,0.5224
Southern Europe,,2006,0.6853
Southern Europe,,2007,0.5161
Southern Europe,,2008,0.5105000000000001
Southern Europe,,2009,0.624
Southern Europe,,2010,0.5645
Southern Europe,,2011,0.553
Southern Europe,,2012,0.548
Southern Europe,,2013,0.4194
Southern Europe,,2014,0.5076
Southern Europe,,2015,0.5084000000000001
Southern Europe,,2016,0.46950000000000003
Southern Europe,,2017,0.5436
Southern Europe,,2018,0.6179
Spain,ESP,1961,1.002
Spain,ESP,1962,0.6292
Spain,ESP,1963,0.7276
Spain,ESP,1964,0.7005
Spain,ESP,1965,0.7106
Spain,ESP,1966,0.7356
Spain,ESP,1967,1.0095
Spain,ESP,1968,0.6845
Spain,ESP,1969,0.5009
Spain,ESP,1970,0.6194000000000001
Spain,ESP,1971,0.5356000000000001
Spain,ESP,1972,0.7053
Spain,ESP,1973,0.5652
Spain,ESP,1974,0.7593000000000001
Spain,ESP,1975,0.5872
Spain,ESP,1976,0.7036
Spain,ESP,1977,0.3365
Spain,ESP,1978,0.6353
Spain,ESP,1979,0.3891
Spain,ESP,1980,0.437
Spain,ESP,1981,0.5915
Spain,ESP,1982,0.6014
Spain,ESP,1983,0.3149
Spain,ESP,1984,0.44430000000000003
Spain,ESP,1985,0.5164
Spain,ESP,1986,0.39580000000000004
Spain,ESP,1987,0.43910000000000005
Spain,ESP,1988,0.3024
Spain,ESP,1989,0.5578000000000001
Spain,ESP,1990,0.4284
Spain,ESP,1991,0.4333
Spain,ESP,1992,0.4859
Spain,ESP,1993,0.47100000000000003
Spain,ESP,1994,0.3996
Spain,ESP,1995,0.2636
Spain,ESP,1996,0.40090000000000003
Spain,ESP,1997,0.6181
Spain,ESP,1998,0.3498
Spain,ESP,1999,0.4471
Spain,ESP,2000,0.33590000000000003
Spain,ESP,2001,0.3865
Spain,ESP,2002,0.4305
Spain,ESP,2003,0.3342
Spain,ESP,2004,0.1391
Spain,ESP,2005,0.3483
Spain,ESP,2006,0.5403
Spain,ESP,2007,0.33290000000000003
Spain,ESP,2008,0.31770000000000004
Spain,ESP,2009,0.4811
Spain,ESP,2010,0.40700000000000003
Spain,ESP,2011,0.38930000000000003
Spain,ESP,2012,0.39980000000000004
Spain,ESP,2013,0.279
Spain,ESP,2014,0.3713
Spain,ESP,2015,0.38480000000000003
Spain,ESP,2016,0.3412
Spain,ESP,2017,0.4033
Spain,ESP,2018,0.5154
Syria,SYR,1961,0.7391000000000001
Syria,SYR,1962,0.9600000000000001
Syria,SYR,1963,0.8
Syria,SYR,1964,0.8400000000000001
Syria,SYR,1965,0.4726
Syria,SYR,1966,1.4717
Syria,SYR,1967,0.8398
Syria,SYR,1968,1.1756
Syria,SYR,1969,0.9498000000000001
Syria,SYR,1970,2.2048
Syria,SYR,1971,1.9314
Syria,SYR,1972,2.3325
Syria,SYR,1973,2.2051000000000003
Syria,SYR,1974,1.5306000000000002
Syria,SYR,1975,1.4819
Syria,SYR,1976,1.0791
Syria,SYR,1977,2.0748
Syria,SYR,1978,1.5623
Syria,SYR,1979,0.8667
Syria,SYR,1980,0.5536
Syria,SYR,1981,0.3932
Syria,SYR,1982,0.45270000000000005
Syria,SYR,1983,1.4021000000000001
Syria,SYR,1984,1.4847000000000001
Syria,SYR,1985,2.5628
Syria,SYR,1986,3.8000000000000003
Syria,SYR,1987,1.0203
Syria,SYR,1988,1.3571
Syria,SYR,1989,2.3608000000000002
Syria,SYR,1990,0.7813
Syria,SYR,1991,1.8
Syria,SYR,1992,1.6831
Syria,SYR,1993,2.0294000000000003
Syria,SYR,1994,1.8841
Syria,SYR,1995,2.2001
Syria,SYR,1996,2.0836
Syria,SYR,1997,1.7561
Syria,SYR,1998,4.0697
Syria,SYR,1999,3.2054
Syria,SYR,2000,3.2783
Syria,SYR,2001,3.2599
Syria,SYR,2002,3.9717000000000002
Syria,SYR,2003,4.1653
Syria,SYR,2004,2.9482
Syria,SYR,2005,5.2603
Syria,SYR,2006,2.4268
Syria,SYR,2007,2.2223
Syria,SYR,2008,2.0654
Syria,SYR,2009,2.2878000000000003
Syria,SYR,2010,1.4879
Syria,SYR,2011,2.5236
Syria,SYR,2012,1.2101
Syria,SYR,2013,1.163
Syria,SYR,2014,0.48260000000000003
Syria,SYR,2015,1.4879
Syria,SYR,2016,1.4879
Syria,SYR,2017,1.4879
Syria,SYR,2018,1.4879
Tajikistan,TJK,1992,0.75
Tajikistan,TJK,1993,0.7196
Tajikistan,TJK,1994,0.7058
Tajikistan,TJK,1995,0.6988000000000001
Tajikistan,TJK,1996,0.6364000000000001
Tajikistan,TJK,1997,0.5769000000000001
Tajikistan,TJK,1998,0.7273000000000001
Tajikistan,TJK,1999,0.76
Tajikistan,TJK,2000,0.7189
Tajikistan,TJK,2001,0.7104
Tajikistan,TJK,2002,0.7076
Tajikistan,TJK,2003,0.7143
Tajikistan,TJK,2004,0.7164
Tajikistan,TJK,2005,0.7236
Tajikistan,TJK,2006,0.7674000000000001
Tajikistan,TJK,2007,0.7273000000000001
Tajikistan,TJK,2008,0.7111000000000001
Tajikistan,TJK,2009,0.7111000000000001
Tajikistan,TJK,2010,0.6809000000000001
Tajikistan,TJK,2011,0.7234
Tajikistan,TJK,2012,0.7143
Tajikistan,TJK,2013,0.7556
Tajikistan,TJK,2014,0.7556
Tajikistan,TJK,2015,0.7383000000000001
Tajikistan,TJK,2016,0.7319
Tajikistan,TJK,2017,0.7328
Tajikistan,TJK,2018,0.7343000000000001
Tunisia,TUN,1961,0.0682
Tunisia,TUN,1962,0.0684
Tunisia,TUN,1963,0.0682
Tunisia,TUN,1964,0.0592
Tunisia,TUN,1965,0.06670000000000001
Tunisia,TUN,1966,0.07
Tunisia,TUN,1967,0.07
Tunisia,TUN,1968,0.0683
Tunisia,TUN,1969,0.061000000000000006
Tunisia,TUN,1970,0.0563
Tunisia,TUN,1971,0.06910000000000001
Tunisia,TUN,1972,0.0789
Tunisia,TUN,1973,0.1042
Tunisia,TUN,1974,0.11660000000000001
Tunisia,TUN,1975,0.1217
Tunisia,TUN,1976,0.11670000000000001
Tunisia,TUN,1977,0.12710000000000002
Tunisia,TUN,1978,0.1699
Tunisia,TUN,1979,0.14350000000000002
Tunisia,TUN,1980,0.23870000000000002
Tunisia,TUN,1981,0.2059
Tunisia,TUN,1982,0.1875
Tunisia,TUN,1983,0.14800000000000002
Tunisia,TUN,1984,0.14
Tunisia,TUN,1985,0.34
Tunisia,TUN,1986,0.28
Tunisia,TUN,1987,0.30670000000000003
Tunisia,TUN,1988,0.1961
Tunisia,TUN,1989,0.2288
Tunisia,TUN,1990,0.35750000000000004
Tunisia,TUN,1991,0.27030000000000004
Tunisia,TUN,1992,0.2755
Tunisia,TUN,1993,0.2938
Tunisia,TUN,1994,0.3171
Tunisia,TUN,1995,0.2081
Tunisia,TUN,1996,0.25
Tunisia,TUN,1997,0.3032
Tunisia,TUN,1998,0.3453
Tunisia,TUN,1999,0.3053
Tunisia,TUN,2000,0.2974
Tunisia,TUN,2001,0.15810000000000002
Tunisia,TUN,2002,0.08900000000000001
Tunisia,TUN,2003,0.27690000000000003
Tunisia,TUN,2004,0.3034
Tunisia,TUN,2005,0.2263
Tunisia,TUN,2006,0.33940000000000003
Tunisia,TUN,2007,0.32220000000000004
Tunisia,TUN,2008,0.3219
Tunisia,TUN,2009,0.3158
Tunisia,TUN,2010,0.3199
Tunisia,TUN,2011,0.3295
Tunisia,TUN,2012,0.35950000000000004
Tunisia,TUN,2013,0.2721
Tunisia,TUN,2014,0.3443
Tunisia,TUN,2015,0.38530000000000003
Tunisia,TUN,2016,0.3306
Tunisia,TUN,2017,0.32130000000000003
Tunisia,TUN,2018,0.3457
Turkey,TUR,1961,2.0980000000000003
Turkey,TUR,1962,1.8284
Turkey,TUR,1963,1.4982
Turkey,TUR,1964,1.8349000000000002
Turkey,TUR,1965,1.4500000000000002
Turkey,TUR,1966,1.1034000000000002
Turkey,TUR,1967,2.0895
Turkey,TUR,1968,2.1012
Turkey,TUR,1969,1.5556
Turkey,TUR,1970,1.4144
Turkey,TUR,1971,1.1569
Turkey,TUR,1972,1.6
Turkey,TUR,1973,1.4215
Turkey,TUR,1974,2
Turkey,TUR,1975,2.1882
Turkey,TUR,1976,1.7314
Turkey,TUR,1977,1.3333000000000002
Turkey,TUR,1978,1.4444000000000001
Turkey,TUR,1979,1.3766
Turkey,TUR,1980,1.6623
Turkey,TUR,1981,1.6732
Turkey,TUR,1982,2
Turkey,TUR,1983,2.1026000000000002
Turkey,TUR,1984,1.6923000000000001
Turkey,TUR,1985,1.9241000000000001
Turkey,TUR,1986,1.9802000000000002
Turkey,TUR,1987,1.6280000000000001
Turkey,TUR,1988,2.0823
Turkey,TUR,1989,2.2772
Turkey,TUR,1990,2.2772
Turkey,TUR,1991,2.2891
Turkey,TUR,1992,2.3618
Turkey,TUR,1993,2.4212000000000002
Turkey,TUR,1994,2.4066
Turkey,TUR,1995,1.9146
Turkey,TUR,1996,2.2484
Turkey,TUR,1997,1.7483000000000002
Turkey,TUR,1998,1.9565000000000001
Turkey,TUR,1999,2.3757
Turkey,TUR,2000,2.6111
Turkey,TUR,2001,2.3497
Turkey,TUR,2002,2.3429
Turkey,TUR,2003,2.3597
Turkey,TUR,2004,2.1449000000000003
Turkey,TUR,2005,2.6471
Turkey,TUR,2006,2.6752000000000002
Turkey,TUR,2007,2.8862
Turkey,TUR,2008,3.0772
Turkey,TUR,2009,3.2185
Turkey,TUR,2010,3.2306000000000004
Turkey,TUR,2011,3.4061000000000003
Turkey,TUR,2012,3.4307000000000003
Turkey,TUR,2013,3.2545
Turkey,TUR,2014,2.7102
Turkey,TUR,2015,2.6962
Turkey,TUR,2016,2.5509
Turkey,TUR,2017,2.5567
Turkey,TUR,2018,2.3702
Turkmenistan,TKM,1992,0.7143
Turkmenistan,TKM,1993,0.7598
Turkmenistan,TKM,1994,0.8125
Turkmenistan,TKM,1995,0.8333
Turkmenistan,TKM,1996,0.8
Turkmenistan,TKM,1997,0.6667000000000001
Turkmenistan,TKM,1998,0.8667
Turkmenistan,TKM,1999,0.75
Turkmenistan,TKM,2000,0.625
Turkmenistan,TKM,2001,0.6875
Turkmenistan,TKM,2002,0.6667000000000001
Turkmenistan,TKM,2003,0.6154000000000001
Turkmenistan,TKM,2004,0.9091
Turkmenistan,TKM,2005,0.8333
Turkmenistan,TKM,2006,0.625
Turkmenistan,TKM,2007,0.6667000000000001
Turkmenistan,TKM,2008,0.625
Turkmenistan,TKM,2009,0.625
Turkmenistan,TKM,2010,0.625
Turkmenistan,TKM,2011,0.625
Turkmenistan,TKM,2012,0.7273000000000001
Turkmenistan,TKM,2013,0.6875
Turkmenistan,TKM,2014,0.6875
Turkmenistan,TKM,2015,0.6757000000000001
Turkmenistan,TKM,2016,0.6717000000000001
Turkmenistan,TKM,2017,0.6782
Turkmenistan,TKM,2018,0.6763
USSR,OWID_USS,1985,0.7051000000000001
USSR,OWID_USS,1986,0.7222000000000001
USSR,OWID_USS,1987,0.7143
USSR,OWID_USS,1988,0.7273000000000001
USSR,OWID_USS,1989,0.7083
USSR,OWID_USS,1990,0.7200000000000001
USSR,OWID_USS,1991,0.7308
Ukraine,UKR,1992,0.0429
Ukraine,UKR,1993,0.042
Ukraine,UKR,1994,0.0426
Ukraine,UKR,1995,0.052000000000000005
Ukraine,UKR,1996,0.0468
Ukraine,UKR,1997,0.047
Ukraine,UKR,1998,0.0528
Ukraine,UKR,1999,0.05
Ukraine,UKR,2000,0.048
Ukraine,UKR,2001,0.0364
Ukraine,UKR,2002,0.049100000000000005
Ukraine,UKR,2003,0.09480000000000001
Ukraine,UKR,2004,0.0741
Ukraine,UKR,2005,0.12000000000000001
Ukraine,UKR,2006,0.05
Ukraine,UKR,2007,0.2
Ukraine,UKR,2008,0.1
Ukraine,UKR,2009,0.2
Ukraine,UKR,2010,0.1111
Ukraine,UKR,2011,0.1
Ukraine,UKR,2012,0.25
Ukraine,UKR,2013,0.2
Ukraine,UKR,2014,1.6
United Arab Emirates,ARE,1961,12
United Arab Emirates,ARE,1962,14
United Arab Emirates,ARE,1963,13.333300000000001
United Arab Emirates,ARE,1964,15
United Arab Emirates,ARE,1965,14.2857
United Arab Emirates,ARE,1966,14.375
United Arab Emirates,ARE,1967,14.5
United Arab Emirates,ARE,1968,15
United Arab Emirates,ARE,1969,14.583300000000001
United Arab Emirates,ARE,1970,15
United Arab Emirates,ARE,1971,15
United Arab Emirates,ARE,1972,15
United Arab Emirates,ARE,1973,15.333300000000001
United Arab Emirates,ARE,1974,15.333300000000001
United Arab Emirates,ARE,1975,15
United Arab Emirates,ARE,1976,15.625
United Arab Emirates,ARE,1977,15.9444
United Arab Emirates,ARE,1978,14.4
United Arab Emirates,ARE,1979,11.88
United Arab Emirates,ARE,1980,8.8
United Arab Emirates,ARE,1981,9.521700000000001
United Arab Emirates,ARE,1982,8.15
United Arab Emirates,ARE,1983,7.5
United Arab Emirates,ARE,1984,5.4762
United Arab Emirates,ARE,1985,4.6512
United Arab Emirates,ARE,1986,4.0455000000000005
United Arab Emirates,ARE,1987,4.3542000000000005
United Arab Emirates,ARE,1988,4.274500000000001
United Arab Emirates,ARE,1989,4.3077000000000005
United Arab Emirates,ARE,1990,4.5686
United Arab Emirates,ARE,1991,4.152200000000001
United Arab Emirates,ARE,1992,6.7692000000000005
United Arab Emirates,ARE,1993,6.8947
United Arab Emirates,ARE,1994,7.605300000000001
United Arab Emirates,ARE,1995,7.657900000000001
United Arab Emirates,ARE,1996,7.4474
United Arab Emirates,ARE,1997,11.0526
United Arab Emirates,ARE,1998,5.0732
United Arab Emirates,ARE,1999,9.256400000000001
United Arab Emirates,ARE,2000,8.6585
United Arab Emirates,ARE,2001,4.8205
United Arab Emirates,ARE,2002,4.9189
United Arab Emirates,ARE,2003,2.4897
United Arab Emirates,ARE,2004,2.1667
United Arab Emirates,ARE,2005,2
United Arab Emirates,ARE,2006,2.0526
United Arab Emirates,ARE,2007,2.125
United Arab Emirates,ARE,2008,1.7867000000000002
United Arab Emirates,ARE,2009,1.7271
United Arab Emirates,ARE,2010,1.556
United Arab Emirates,ARE,2011,1.4762000000000002
United Arab Emirates,ARE,2012,1.4466
United Arab Emirates,ARE,2013,1.4161000000000001
United Arab Emirates,ARE,2014,1.1580000000000001
United Arab Emirates,ARE,2015,1.0767
United Arab Emirates,ARE,2016,1.2169
United Arab Emirates,ARE,2017,1.1506
United Arab Emirates,ARE,2018,1.1481000000000001
United States,USA,1961,1.6669
United States,USA,1962,1.1558000000000002
United States,USA,1963,1.3684
United States,USA,1964,1.6517000000000002
United States,USA,1965,1.3932
United States,USA,1966,1.6126
United States,USA,1967,1.3781
United States,USA,1968,1.2362
United States,USA,1969,1.8355000000000001
United States,USA,1970,1.6360000000000001
United States,USA,1971,1.5995000000000001
United States,USA,1972,1.4088
United States,USA,1973,1.4063
United States,USA,1974,1.8326
United States,USA,1975,1.4417
United States,USA,1976,2.0252
United States,USA,1977,2.0188
United States,USA,1978,1.0396
United States,USA,1979,2.1006
United States,USA,1980,1.8137
United States,USA,1981,2.298
United States,USA,1982,1.8748
United States,USA,1983,1.2356
United States,USA,1984,2.8473
United States,USA,1985,2.1268000000000002
United States,USA,1986,1.125
United States,USA,1987,2.963
United States,USA,1988,2.6356
United States,USA,1989,2.2317
United States,USA,1990,3.0049
United States,USA,1991,2.2648
United States,USA,1992,2.5401000000000002
United States,USA,1993,2.1767000000000003
United States,USA,1994,3.0246
United States,USA,1995,1.6316000000000002
United States,USA,1996,2.2258
United States,USA,1997,3.0295
United States,USA,1998,2.0838
United States,USA,1999,3.2063
United States,USA,2000,2.6342000000000003
United States,USA,2001,2.8402000000000003
United States,USA,2002,3.6275000000000004
United States,USA,2003,3.5325
United States,USA,2004,3.4074
United States,USA,2005,2.9969
United States,USA,2006,3.6049
United States,USA,2007,4.683
United States,USA,2008,5.1238
United States,USA,2009,3.9887
United States,USA,2010,4.537100000000001
United States,USA,2011,5.6883
United States,USA,2012,4.9871
United States,USA,2013,5.0375000000000005
United States,USA,2014,4.3897
United States,USA,2015,3.4998
United States,USA,2016,3.5061
United States,USA,2017,3.5422000000000002
United States,USA,2018,4.245
Uzbekistan,UZB,1992,2.3333
Uzbekistan,UZB,1993,1.7143000000000002
Uzbekistan,UZB,1994,1.5698
Uzbekistan,UZB,1995,1.5556
Uzbekistan,UZB,1996,1.5908
Uzbekistan,UZB,1997,1.5935000000000001
Uzbekistan,UZB,1998,1.2727000000000002
Uzbekistan,UZB,1999,1.3333000000000002
Uzbekistan,UZB,2000,2
Uzbekistan,UZB,2001,2.1675
Uzbekistan,UZB,2002,2.5455
Uzbekistan,UZB,2003,2.7586
Uzbekistan,UZB,2004,3.1667
Uzbekistan,UZB,2005,2.947
Uzbekistan,UZB,2006,3.4569
Uzbekistan,UZB,2007,3.0833
Uzbekistan,UZB,2008,2.9631000000000003
Uzbekistan,UZB,2009,2.9571
Uzbekistan,UZB,2010,2.8571
Uzbekistan,UZB,2011,2.9929
Uzbekistan,UZB,2012,2.4063000000000003
Uzbekistan,UZB,2013,2.8571
Uzbekistan,UZB,2014,2.875
Uzbekistan,UZB,2015,4.0299000000000005
Uzbekistan,UZB,2016,3.8763
Uzbekistan,UZB,2017,3.2803
Uzbekistan,UZB,2018,7.1572000000000005
Western Africa,,1990,0.5
Western Africa,,1991,0.49660000000000004
Western Africa,,1992,0.4973
Western Africa,,1993,0.4979
Western Africa,,1994,0.5
Western Africa,,1995,0.5102
Western Africa,,1996,0.5108
Western Africa,,1997,0.511
Western Africa,,1998,0.5127
Western Africa,,1999,0.5145000000000001
Western Africa,,2000,0.513
Western Africa,,2001,0.5159
Western Africa,,2002,0.5165000000000001
Western Africa,,2003,0.5234
Western Africa,,2004,0.5244
Western Africa,,2005,0.5335
Western Africa,,2006,0.5288
Western Africa,,2007,0.5339
Western Africa,,2008,0.5452
Western Africa,,2009,0.5618000000000001
Western Africa,,2010,0.5488000000000001
Western Africa,,2011,0.5602
Western Africa,,2012,0.5788
Western Africa,,2013,0.5852
Western Africa,,2014,0.5786
Western Africa,,2015,0.5772
Western Africa,,2016,0.5816
Western Africa,,2017,0.5846
Western Africa,,2018,0.5874
Western Asia,,1961,1.4352
Western Asia,,1962,1.2933000000000001
Western Asia,,1963,1.1372
Western Asia,,1964,1.3185
Western Asia,,1965,1.0152
Western Asia,,1966,0.9438000000000001
Western Asia,,1967,1.4689
Western Asia,,1968,1.4059000000000001
Western Asia,,1969,1.1626
Western Asia,,1970,1.2196
Western Asia,,1971,1.0976000000000001
Western Asia,,1972,1.4153
Western Asia,,1973,1.1941000000000002
Western Asia,,1974,1.5185000000000002
Western Asia,,1975,1.5868
Western Asia,,1976,1.3859000000000001
Western Asia,,1977,1.4326
Western Asia,,1978,1.5003
Western Asia,,1979,1.2301
Western Asia,,1980,1.1600000000000001
Western Asia,,1981,1.0711
Western Asia,,1982,1.1936
Western Asia,,1983,1.6440000000000001
Western Asia,,1984,1.5555
Western Asia,,1985,1.9542000000000002
Western Asia,,1986,2.5057
Western Asia,,1987,1.3985
Western Asia,,1988,1.7407000000000001
Western Asia,,1989,2.2059
Western Asia,,1990,1.7091
Western Asia,,1991,2.0799000000000003
Western Asia,,1992,1.905
Western Asia,,1993,2.1966
Western Asia,,1994,1.8827
Western Asia,,1995,2.1613
Western Asia,,1996,2.2578
Western Asia,,1997,1.8875000000000002
Western Asia,,1998,2.5863
Western Asia,,1999,2.4919000000000002
Western Asia,,2000,2.5237000000000003
Western Asia,,2001,2.3194
Western Asia,,2002,3.0331
Western Asia,,2003,3.0752
Western Asia,,2004,2.5282
Western Asia,,2005,3.9473000000000003
Western Asia,,2006,2.4506
Western Asia,,2007,2.3739
Western Asia,,2008,2.4050000000000002
Western Asia,,2009,2.5962
Western Asia,,2010,2.1222000000000003
Western Asia,,2011,2.7993
Western Asia,,2012,1.9625000000000001
Western Asia,,2013,1.9199000000000002
Western Asia,,2014,1.3566
Western Asia,,2015,2.1557
Western Asia,,2016,2.1888
Western Asia,,2017,2.248
Western Asia,,2018,2.1412
World,OWID_WRL,1961,1.0298
World,OWID_WRL,1962,0.5797
World,OWID_WRL,1963,0.7819
World,OWID_WRL,1964,0.8079000000000001
World,OWID_WRL,1965,0.7661
World,OWID_WRL,1966,0.7588
World,OWID_WRL,1967,0.9267000000000001
World,OWID_WRL,1968,0.8244
World,OWID_WRL,1969,0.7344
World,OWID_WRL,1970,0.7372000000000001
World,OWID_WRL,1971,0.6355000000000001
World,OWID_WRL,1972,0.7250000000000001
World,OWID_WRL,1973,0.6094
World,OWID_WRL,1974,0.7984
World,OWID_WRL,1975,0.6883
World,OWID_WRL,1976,0.8273
World,OWID_WRL,1977,0.7169
World,OWID_WRL,1978,0.7834
World,OWID_WRL,1979,0.6988000000000001
World,OWID_WRL,1980,0.7526
World,OWID_WRL,1981,0.9731000000000001
World,OWID_WRL,1982,0.8307
World,OWID_WRL,1983,0.6519
World,OWID_WRL,1984,0.8570000000000001
World,OWID_WRL,1985,0.8491000000000001
World,OWID_WRL,1986,0.7087
World,OWID_WRL,1987,0.8908
World,OWID_WRL,1988,0.8123
World,OWID_WRL,1989,0.8868
World,OWID_WRL,1990,0.9092
World,OWID_WRL,1991,0.8855000000000001
World,OWID_WRL,1992,0.9091
World,OWID_WRL,1993,0.8756
World,OWID_WRL,1994,0.9347000000000001
World,OWID_WRL,1995,0.7045
World,OWID_WRL,1996,0.8530000000000001
World,OWID_WRL,1997,1.0287
World,OWID_WRL,1998,0.8356
World,OWID_WRL,1999,1.044
World,OWID_WRL,2000,0.8803000000000001
World,OWID_WRL,2001,0.9263
World,OWID_WRL,2002,1.0981
World,OWID_WRL,2003,1.1029
World,OWID_WRL,2004,0.9828
World,OWID_WRL,2005,1.0742
World,OWID_WRL,2006,1.2425000000000002
World,OWID_WRL,2007,1.3365
World,OWID_WRL,2008,1.4833
World,OWID_WRL,2009,1.3347
World,OWID_WRL,2010,1.4964000000000002
World,OWID_WRL,2011,1.7481
World,OWID_WRL,2012,1.5983
World,OWID_WRL,2013,1.5574000000000001
World,OWID_WRL,2014,1.5196
World,OWID_WRL,2015,1.4195
World,OWID_WRL,2016,1.3546
World,OWID_WRL,2017,1.4368
World,OWID_WRL,2018,1.5724
Yemen,YEM,1981,0.44170000000000004
Yemen,YEM,1982,0.44
Yemen,YEM,1983,0.44
Yemen,YEM,1984,0.464
Yemen,YEM,1985,0.4651
Yemen,YEM,1986,0.5113
Yemen,YEM,1987,0.5766
Yemen,YEM,1988,0.5630000000000001
Yemen,YEM,1989,0.5926
Yemen,YEM,1990,0.6818000000000001
Yemen,YEM,1991,0.6818000000000001
Yemen,YEM,1992,0.6818000000000001
Yemen,YEM,1993,0.6818000000000001
Yemen,YEM,1994,0.6989000000000001
Yemen,YEM,1995,0.6863
Yemen,YEM,1996,0.6858000000000001
Yemen,YEM,1997,0.6865
Yemen,YEM,1998,0.7222000000000001
Yemen,YEM,1999,0.6829000000000001
Yemen,YEM,2000,0.6776
Yemen,YEM,2001,0.6657000000000001
Yemen,YEM,2002,0.6586000000000001
Yemen,YEM,2003,0.6516000000000001
Yemen,YEM,2004,0.6407
Yemen,YEM,2005,0.6361
Yemen,YEM,2006,0.6341
Yemen,YEM,2007,0.6
Yemen,YEM,2008,0.6
Yemen,YEM,2009,0.6314000000000001
Yemen,YEM,2010,0.625
Yemen,YEM,2011,0.6304000000000001
Yemen,YEM,2012,0.6383
Yemen,YEM,2013,0.6992
Yemen,YEM,2014,0.6787000000000001
Yemen,YEM,2015,0.6578
Yemen,YEM,2016,0.6652
Yemen,YEM,2017,0.6665
Yemen,YEM,2018,0.6677000000000001
Yugoslavia,OWID_YGS,1985,1.4853
Yugoslavia,OWID_YGS,1986,1.4948000000000001
Yugoslavia,OWID_YGS,1987,1.4364000000000001
Yugoslavia,OWID_YGS,1988,1.4441000000000002
Yugoslavia,OWID_YGS,1989,1.5103
Yugoslavia,OWID_YGS,1990,1.5068000000000001
Yugoslavia,OWID_YGS,1991,1.4983