Entity,Code,Year,"Crops - Cashew nuts, with shell - 217 - Yield - 5419 - hg/ha"
Africa,,1961,0.536
Africa,,1962,0.5593
Africa,,1963,0.5831000000000001
Africa,,1964,0.6206
Africa,,1965,0.5949
Africa,,1966,0.5899
Africa,,1967,0.5283
Africa,,1968,0.5626
Africa,,1969,0.5414
Africa,,1970,0.5519000000000001
Africa,,1971,0.5734
Africa,,1972,0.5803
Africa,,1973,0.5948
Africa,,1974,0.5746
Africa,,1975,0.5612
Africa,,1976,0.5463
Africa,,1977,0.5267000000000001
Africa,,1978,0.5088
Africa,,1979,0.4928
Africa,,1980,0.48610000000000003
Africa,,1981,0.5049
Africa,,1982,0.47100000000000003
Africa,,1983,0.4554
Africa,,1984,0.4252
Africa,,1985,0.43960000000000005
Africa,,1986,0.4229
Africa,,1987,0.43360000000000004
Africa,,1988,0.46430000000000005
Africa,,1989,0.4485
Africa,,1990,0.41400000000000003
Africa,,1991,0.4307
Africa,,1992,0.48300000000000004
Africa,,1993,0.4524
Africa,,1994,0.46040000000000003
Africa,,1995,0.4587
Africa,,1996,0.5268
Africa,,1997,0.4516
Africa,,1998,0.5289
Africa,,1999,0.742
Africa,,2000,0.7647
Africa,,2001,0.8033
Africa,,2002,0.6764
Africa,,2003,0.6779000000000001
Africa,,2004,0.6678000000000001
Africa,,2005,0.7263000000000001
Africa,,2006,0.6564
Africa,,2007,0.6232
Africa,,2008,0.6616000000000001
Africa,,2009,0.6125
Africa,,2010,0.6974
Africa,,2011,0.5992000000000001
Africa,,2012,0.551
Africa,,2013,0.4892
Africa,,2014,0.4656
Africa,,2015,0.47650000000000003
Africa,,2016,0.5071
Africa,,2017,0.4882
Africa,,2018,0.5007
Americas,,1961,6.8257
Americas,,1962,8.1286
Americas,,1963,8.860000000000001
Americas,,1964,6.6539
Americas,,1965,8.744900000000001
Americas,,1966,8.7049
Americas,,1967,14.0274
Americas,,1968,13.4097
Americas,,1969,12.976500000000001
Americas,,1970,11.128300000000001
Americas,,1971,14.833300000000001
Americas,,1972,17.4688
Americas,,1973,17.9718
Americas,,1974,16.696
Americas,,1975,11.2278
Americas,,1976,19.1839
Americas,,1977,29.789
Americas,,1978,30.848300000000002
Americas,,1979,24.3118
Americas,,1980,25.4781
Americas,,1981,25.1563
Americas,,1982,29.682100000000002
Americas,,1983,32.6664
Americas,,1984,27.5389
Americas,,1985,14.543800000000001
Americas,,1986,14.0835
Americas,,1987,8.880600000000001
Americas,,1988,14.252
Americas,,1989,14.6613
Americas,,1990,0.1943
Americas,,1991,0.3063
Americas,,1992,0.1743
Americas,,1993,0.1258
Americas,,1994,0.2379
Americas,,1995,0.281
Americas,,1996,0.3266
Americas,,1997,0.23620000000000002
Americas,,1998,0.112
Americas,,1999,0.2626
Americas,,2000,0.23670000000000002
Americas,,2001,0.21960000000000002
Americas,,2002,0.27440000000000003
Americas,,2003,0.2896
Americas,,2004,0.2948
Americas,,2005,0.2441
Americas,,2006,0.3654
Americas,,2007,0.2172
Americas,,2008,0.34850000000000003
Americas,,2009,0.3143
Americas,,2010,0.1577
Americas,,2011,0.32170000000000004
Americas,,2012,0.12710000000000002
Americas,,2013,0.1762
Americas,,2014,0.1956
Americas,,2015,0.22710000000000002
Americas,,2016,0.2543
Americas,,2017,0.40340000000000004
Americas,,2018,0.4446
Angola,AGO,1961,0.33330000000000004
Angola,AGO,1962,0.33330000000000004
Angola,AGO,1963,0.33330000000000004
Angola,AGO,1964,0.33330000000000004
Angola,AGO,1965,0.33330000000000004
Angola,AGO,1966,0.3667
Angola,AGO,1967,0.4
Angola,AGO,1968,0.4
Angola,AGO,1969,0.4
Angola,AGO,1970,0.4333
Angola,AGO,1971,0.4333
Angola,AGO,1972,0.4333
Angola,AGO,1973,0.4667
Angola,AGO,1974,0.4667
Angola,AGO,1975,0.4667
Angola,AGO,1976,0.4667
Angola,AGO,1977,0.5
Angola,AGO,1978,0.4
Angola,AGO,1979,0.4
Angola,AGO,1980,0.4
Angola,AGO,1981,0.4
Angola,AGO,1982,0.4
Angola,AGO,1983,0.4
Angola,AGO,1984,0.4
Angola,AGO,1985,0.4
Angola,AGO,1986,0.4
Angola,AGO,1987,0.4
Angola,AGO,1988,0.4
Angola,AGO,1989,0.4
Angola,AGO,1990,0.272
Angola,AGO,1991,0.38420000000000004
Angola,AGO,1992,0.38230000000000003
Angola,AGO,1993,0.3929
Angola,AGO,1994,0.3478
Angola,AGO,1995,0.3715
Angola,AGO,1996,0.4
Angola,AGO,1997,0.3929
Angola,AGO,1998,0.4
Angola,AGO,1999,0.4
Angola,AGO,2000,0.3929
Angola,AGO,2001,0.43270000000000003
Angola,AGO,2002,0.4465
Angola,AGO,2003,0.4607
Angola,AGO,2004,0.4752
Angola,AGO,2005,0.5088
Angola,AGO,2006,0.5288
Angola,AGO,2007,0.5447000000000001
Angola,AGO,2008,0.5698
Angola,AGO,2009,0.5934
Angola,AGO,2010,0.625
Angola,AGO,2011,0.6461
Angola,AGO,2012,0.7143
Angola,AGO,2013,0.7071000000000001
Angola,AGO,2014,0.7118
Angola,AGO,2015,0.7256
Angola,AGO,2016,0.7518
Angola,AGO,2017,0.7718
Angola,AGO,2018,0.7919
Asia,,1961,0.5088
Asia,,1962,0.5097
Asia,,1963,0.4791
Asia,,1964,0.498
Asia,,1965,0.5125000000000001
Asia,,1966,0.49720000000000003
Asia,,1967,0.5206000000000001
Asia,,1968,0.5218
Asia,,1969,0.5015000000000001
Asia,,1970,0.49050000000000005
Asia,,1971,0.46990000000000004
Asia,,1972,0.4534
Asia,,1973,0.4465
Asia,,1974,0.44730000000000003
Asia,,1975,0.4192
Asia,,1976,0.4354
Asia,,1977,0.43510000000000004
Asia,,1978,0.4287
Asia,,1979,0.40750000000000003
Asia,,1980,0.3652
Asia,,1981,0.3532
Asia,,1982,0.34540000000000004
Asia,,1983,0.3532
Asia,,1984,0.382
Asia,,1985,0.4486
Asia,,1986,0.47300000000000003
Asia,,1987,0.5059
Asia,,1988,0.5048
Asia,,1989,0.5414
Asia,,1990,0.6765
Asia,,1991,0.7006
Asia,,1992,0.7481
Asia,,1993,0.8491000000000001
Asia,,1994,0.8612000000000001
Asia,,1995,0.8432000000000001
Asia,,1996,0.7814
Asia,,1997,0.7227
Asia,,1998,0.6099
Asia,,1999,0.5818
Asia,,2000,0.6983
Asia,,2001,0.6683
Asia,,2002,0.7964
Asia,,2003,0.8924000000000001
Asia,,2004,1.0166
Asia,,2005,1.0701
Asia,,2006,1.1287
Asia,,2007,1.21
Asia,,2008,1.2075
Asia,,2009,1.1538000000000002
Asia,,2010,1.1302
Asia,,2011,1.1417000000000002
Asia,,2012,1.1665
Asia,,2013,1.1327
Asia,,2014,1.095
Asia,,2015,1.3322
Asia,,2016,1.2097
Asia,,2017,1.7966000000000002
Asia,,2018,2.0951
Belize,BLZ,1999,2.3333
Belize,BLZ,2000,2.2430000000000003
Belize,BLZ,2001,1.8659000000000001
Belize,BLZ,2002,0.17
Belize,BLZ,2003,0.1371
Belize,BLZ,2004,0.15360000000000001
Belize,BLZ,2005,0.15460000000000002
Belize,BLZ,2006,0.1554
Belize,BLZ,2007,0.1555
Belize,BLZ,2008,0.1683
Belize,BLZ,2009,0.1547
Belize,BLZ,2010,0.1547
Belize,BLZ,2011,0.1346
Belize,BLZ,2014,0.5
Belize,BLZ,2015,1.175
Benin,BEN,1961,0.025
Benin,BEN,1962,0.025
Benin,BEN,1963,0.025
Benin,BEN,1964,0.025
Benin,BEN,1965,0.025
Benin,BEN,1966,0.030000000000000002
Benin,BEN,1967,0.0364
Benin,BEN,1968,0.0436
Benin,BEN,1969,0.0482
Benin,BEN,1970,0.0685
Benin,BEN,1971,0.0611
Benin,BEN,1972,0.06670000000000001
Benin,BEN,1973,0.0722
Benin,BEN,1974,0.08080000000000001
Benin,BEN,1975,0.0383
Benin,BEN,1976,0.082
Benin,BEN,1977,0.1351
Benin,BEN,1978,0.13
Benin,BEN,1979,0.10200000000000001
Benin,BEN,1980,0.1086
Benin,BEN,1981,0.1154
Benin,BEN,1982,0.15
Benin,BEN,1983,0.12000000000000001
Benin,BEN,1984,0.13
Benin,BEN,1985,0.12000000000000001
Benin,BEN,1986,0.12000000000000001
Benin,BEN,1987,0.12000000000000001
Benin,BEN,1988,0.12000000000000001
Benin,BEN,1989,0.12000000000000001
Benin,BEN,1990,0.15
Benin,BEN,1991,0.1429
Benin,BEN,1992,0.15
Benin,BEN,1993,0.1545
Benin,BEN,1994,0.15380000000000002
Benin,BEN,1995,0.15
Benin,BEN,1996,0.15380000000000002
Benin,BEN,1997,0.1515
Benin,BEN,1998,0.16620000000000001
Benin,BEN,1999,0.16670000000000001
Benin,BEN,2000,0.2162
Benin,BEN,2001,0.2232
Benin,BEN,2002,0.22870000000000001
Benin,BEN,2003,0.23770000000000002
Benin,BEN,2004,0.24910000000000002
Benin,BEN,2005,0.2763
Benin,BEN,2006,0.2619
Benin,BEN,2007,0.24200000000000002
Benin,BEN,2008,0.19110000000000002
Benin,BEN,2009,0.195
Benin,BEN,2010,0.3
Benin,BEN,2011,0.35000000000000003
Benin,BEN,2012,0.325
Benin,BEN,2013,0.325
Benin,BEN,2014,0.325
Benin,BEN,2015,0.325
Benin,BEN,2016,0.325
Benin,BEN,2017,0.3317
Benin,BEN,2018,0.3458
Brazil,BRA,1990,0.1847
Brazil,BRA,1991,0.28850000000000003
Brazil,BRA,1992,0.1552
Brazil,BRA,1993,0.1062
Brazil,BRA,1994,0.22010000000000002
Brazil,BRA,1995,0.2646
Brazil,BRA,1996,0.3053
Brazil,BRA,1997,0.2154
Brazil,BRA,1998,0.08710000000000001
Brazil,BRA,1999,0.2374
Brazil,BRA,2000,0.2129
Brazil,BRA,2001,0.1943
Brazil,BRA,2002,0.2474
Brazil,BRA,2003,0.26830000000000004
Brazil,BRA,2004,0.2718
Brazil,BRA,2005,0.21810000000000002
Brazil,BRA,2006,0.3433
Brazil,BRA,2007,0.1923
Brazil,BRA,2008,0.3255
Brazil,BRA,2009,0.2909
Brazil,BRA,2010,0.1375
Brazil,BRA,2011,0.3019
Brazil,BRA,2012,0.10650000000000001
Brazil,BRA,2013,0.1577
Brazil,BRA,2014,0.1718
Brazil,BRA,2015,0.1749
Brazil,BRA,2016,0.13140000000000002
Brazil,BRA,2017,0.27340000000000003
Brazil,BRA,2018,0.322
Burkina Faso,BFA,1978,0.2
Burkina Faso,BFA,1979,0.2
Burkina Faso,BFA,1980,0.2
Burkina Faso,BFA,1981,0.2
Burkina Faso,BFA,1982,0.16
Burkina Faso,BFA,1983,0.2
Burkina Faso,BFA,1984,0.16670000000000001
Burkina Faso,BFA,1985,0.215
Burkina Faso,BFA,1986,0.2313
Burkina Faso,BFA,1987,0.2447
Burkina Faso,BFA,1988,0.38720000000000004
Burkina Faso,BFA,1989,0.39080000000000004
Burkina Faso,BFA,1990,0.21480000000000002
Burkina Faso,BFA,1991,0.33330000000000004
Burkina Faso,BFA,1992,0.3249
Burkina Faso,BFA,1993,0.34750000000000003
Burkina Faso,BFA,1994,0.36910000000000004
Burkina Faso,BFA,1995,0.3846
Burkina Faso,BFA,1996,0.4137
Burkina Faso,BFA,1997,0.4375
Burkina Faso,BFA,1998,0.4596
Burkina Faso,BFA,1999,0.4888
Burkina Faso,BFA,2000,0.5155000000000001
Burkina Faso,BFA,2001,0.542
Burkina Faso,BFA,2002,0.5720000000000001
Burkina Faso,BFA,2003,0.6109
Burkina Faso,BFA,2004,0.6349
Burkina Faso,BFA,2005,0.6588
Burkina Faso,BFA,2006,0.6823
Burkina Faso,BFA,2007,0.7143
Burkina Faso,BFA,2008,0.7368
Burkina Faso,BFA,2009,0.67
Burkina Faso,BFA,2010,0.6933
Burkina Faso,BFA,2011,0.9500000000000001
Burkina Faso,BFA,2012,0.8571000000000001
Burkina Faso,BFA,2013,0.9583
Burkina Faso,BFA,2014,0.9318000000000001
Burkina Faso,BFA,2015,0.9553
Burkina Faso,BFA,2016,0.9807
Burkina Faso,BFA,2017,1.0086
Burkina Faso,BFA,2018,1.0373
Caribbean,,1985,0.18280000000000002
Caribbean,,1986,0.18480000000000002
Caribbean,,1987,0.18480000000000002
Caribbean,,1988,0.184
Caribbean,,1989,0.186
Caribbean,,1990,0.19210000000000002
Caribbean,,1991,0.162
Caribbean,,1992,0.1618
Caribbean,,1993,0.16160000000000002
Caribbean,,1994,0.16140000000000002
Caribbean,,1995,0.1612
Caribbean,,1996,0.161
Caribbean,,1997,0.1706
Caribbean,,1998,0.17070000000000002
Caribbean,,1999,0.17270000000000002
Caribbean,,2000,0.17220000000000002
Caribbean,,2001,0.1714
Caribbean,,2002,0.1706
Caribbean,,2003,0.1724
Caribbean,,2004,0.1683
Caribbean,,2005,0.1663
Caribbean,,2006,0.1643
Caribbean,,2007,0.17370000000000002
Caribbean,,2008,0.1739
Caribbean,,2009,0.1507
Caribbean,,2010,0.1403
Caribbean,,2011,0.1292
Caribbean,,2012,0.09330000000000001
Caribbean,,2013,0.09330000000000001
Caribbean,,2014,0.1114
Caribbean,,2015,0.1135
Caribbean,,2016,0.10550000000000001
Caribbean,,2017,0.101
Caribbean,,2018,0.0965
Central America,,1961,0.8571000000000001
Central America,,1962,0.8571000000000001
Central America,,1963,0.8611000000000001
Central America,,1964,0.8611000000000001
Central America,,1965,0.8649
Central America,,1966,0.8649
Central America,,1967,0.8684000000000001
Central America,,1968,0.8462000000000001
Central America,,1969,0.8500000000000001
Central America,,1970,0.8293
Central America,,1971,0.8333
Central America,,1972,0.8140000000000001
Central America,,1973,0.8182
Central America,,1974,0.8222
Central America,,1975,0.8302
Central America,,1976,0.8302
Central America,,1977,0.8105
Central America,,1978,0.7884
Central America,,1979,0.7886000000000001
Central America,,1980,0.8203
Central America,,1981,0.8203
Central America,,1982,0.7886000000000001
Central America,,1983,0.9116000000000001
Central America,,1984,0.7839
Central America,,1985,1.0369000000000002
Central America,,1986,0.8929
Central America,,1987,0.8375
Central America,,1988,0.7614000000000001
Central America,,1989,0.6465000000000001
Central America,,1990,0.9629000000000001
Central America,,1991,0.9444
Central America,,1992,0.8621000000000001
Central America,,1993,0.8592000000000001
Central America,,1994,0.8389000000000001
Central America,,1995,0.601
Central America,,1996,0.656
Central America,,1997,0.6877
Central America,,1998,0.7323000000000001
Central America,,1999,0.8264
Central America,,2000,0.9219
Central America,,2001,0.9191
Central America,,2002,1.3188
Central America,,2003,0.896
Central America,,2004,1.0204
Central America,,2005,1.2217
Central America,,2006,1.1022
Central America,,2007,1.074
Central America,,2008,1.2842
Central America,,2009,1.3509
Central America,,2010,1.3719000000000001
Central America,,2011,1.5028000000000001
Central America,,2012,1.7279
Central America,,2013,1.7437
Central America,,2014,2.0209
Central America,,2015,1.6201
Central America,,2016,1.4161000000000001
Central America,,2017,1.4380000000000002
Central America,,2018,1.544
China,CHN,1985,0.5417000000000001
China,CHN,1986,0.5143
China,CHN,1987,0.48750000000000004
China,CHN,1988,0.5
China,CHN,1989,1.5
China,CHN,1990,0.6667000000000001
China,CHN,1991,0.2667
China,CHN,1992,0.2499
China,CHN,1993,0.2429
China,CHN,1994,0.25
China,CHN,1995,0.1884
China,CHN,1996,0.24000000000000002
China,CHN,1997,0.26080000000000003
China,CHN,1998,0.2202
China,CHN,1999,0.2919
China,CHN,2000,0.3684
China,CHN,2001,0.48610000000000003
China,CHN,2002,0.3841
China,CHN,2003,0.4832
China,CHN,2004,0.2933
China,CHN,2005,0.24380000000000002
China,CHN,2006,0.26130000000000003
China,CHN,2007,0.3069
China,CHN,2008,0.303
China,CHN,2009,0.3642
China,CHN,2010,0.6611
China,CHN,2011,1.0125
China,CHN,2012,1.4446
China,CHN,2013,1.7688000000000001
China,CHN,2014,1.1565
China,CHN,2015,0.9450000000000001
China,CHN,2016,0.7897000000000001
China,CHN,2017,1.1913
China,CHN,2018,1.2497
Colombia,COL,1991,13.2607
Colombia,COL,1992,12.8358
Colombia,COL,1993,12.411000000000001
Colombia,COL,1994,11.9862
Colombia,COL,1995,11.561300000000001
Colombia,COL,1996,11.1365
Colombia,COL,1997,10.7117
Colombia,COL,1998,10.286900000000001
Colombia,COL,1999,9.862
Colombia,COL,2000,9.4372
Colombia,COL,2001,9.012400000000001
Colombia,COL,2002,8.5875
Colombia,COL,2003,8.162700000000001
Colombia,COL,2004,7.7316
Colombia,COL,2005,7.2942
Colombia,COL,2006,6.856800000000001
Colombia,COL,2007,6.4195
Colombia,COL,2008,5.9821
Colombia,COL,2009,5.544700000000001
Colombia,COL,2010,5.4581
Colombia,COL,2011,4.808800000000001
Colombia,COL,2012,4.1827000000000005
Colombia,COL,2013,4.0574
Colombia,COL,2014,3.9401
Colombia,COL,2015,2.3120000000000003
Colombia,COL,2016,2.3120000000000003
Colombia,COL,2017,2.3333
Colombia,COL,2018,4.0286
Cote d'Ivoire,CIV,1961,0.05
Cote d'Ivoire,CIV,1962,0.05
Cote d'Ivoire,CIV,1963,0.05
Cote d'Ivoire,CIV,1964,0.05
Cote d'Ivoire,CIV,1965,0.05
Cote d'Ivoire,CIV,1966,0.05
Cote d'Ivoire,CIV,1967,0.05
Cote d'Ivoire,CIV,1968,0.05
Cote d'Ivoire,CIV,1969,0.05
Cote d'Ivoire,CIV,1970,0.036500000000000005
Cote d'Ivoire,CIV,1971,0.05
Cote d'Ivoire,CIV,1972,0.0475
Cote d'Ivoire,CIV,1973,0.028
Cote d'Ivoire,CIV,1974,0.0438
Cote d'Ivoire,CIV,1975,0.0563
Cote d'Ivoire,CIV,1976,0.0412
Cote d'Ivoire,CIV,1977,0.055600000000000004
Cote d'Ivoire,CIV,1978,0.055600000000000004
Cote d'Ivoire,CIV,1979,0.0611
Cote d'Ivoire,CIV,1980,0.0632
Cote d'Ivoire,CIV,1981,0.08460000000000001
Cote d'Ivoire,CIV,1982,0.0867
Cote d'Ivoire,CIV,1983,0.11
Cote d'Ivoire,CIV,1984,0.11
Cote d'Ivoire,CIV,1985,0.15910000000000002
Cote d'Ivoire,CIV,1986,0.2
Cote d'Ivoire,CIV,1987,0.16670000000000001
Cote d'Ivoire,CIV,1988,0.15
Cote d'Ivoire,CIV,1989,0.225
Cote d'Ivoire,CIV,1990,0.2167
Cote d'Ivoire,CIV,1991,0.1875
Cote d'Ivoire,CIV,1992,0.1711
Cote d'Ivoire,CIV,1993,0.2414
Cote d'Ivoire,CIV,1994,0.2343
Cote d'Ivoire,CIV,1995,0.2725
Cote d'Ivoire,CIV,1996,0.2994
Cote d'Ivoire,CIV,1997,0.3307
Cote d'Ivoire,CIV,1998,0.41340000000000005
Cote d'Ivoire,CIV,1999,0.3584
Cote d'Ivoire,CIV,2000,0.3602
Cote d'Ivoire,CIV,2001,0.6571
Cote d'Ivoire,CIV,2002,0.36000000000000004
Cote d'Ivoire,CIV,2003,0.2908
Cote d'Ivoire,CIV,2004,0.3516
Cote d'Ivoire,CIV,2005,0.3558
Cote d'Ivoire,CIV,2006,0.36150000000000004
Cote d'Ivoire,CIV,2007,0.366
Cote d'Ivoire,CIV,2008,0.38820000000000005
Cote d'Ivoire,CIV,2009,0.3995
Cote d'Ivoire,CIV,2010,0.4057
Cote d'Ivoire,CIV,2011,0.4078
Cote d'Ivoire,CIV,2012,0.41190000000000004
Cote d'Ivoire,CIV,2013,0.4158
Cote d'Ivoire,CIV,2014,0.41540000000000005
Cote d'Ivoire,CIV,2015,0.4197
Cote d'Ivoire,CIV,2016,0.42060000000000003
Cote d'Ivoire,CIV,2017,0.4267
Cote d'Ivoire,CIV,2018,0.41800000000000004
Dominican Republic,DOM,1985,0.182
Dominican Republic,DOM,1986,0.184
Dominican Republic,DOM,1987,0.184
Dominican Republic,DOM,1988,0.184
Dominican Republic,DOM,1989,0.186
Dominican Republic,DOM,1990,0.19210000000000002
Dominican Republic,DOM,1991,0.162
Dominican Republic,DOM,1992,0.1618
Dominican Republic,DOM,1993,0.16160000000000002
Dominican Republic,DOM,1994,0.16140000000000002
Dominican Republic,DOM,1995,0.1612
Dominican Republic,DOM,1996,0.161
Dominican Republic,DOM,1997,0.1706
Dominican Republic,DOM,1998,0.17070000000000002
Dominican Republic,DOM,1999,0.17270000000000002
Dominican Republic,DOM,2000,0.17220000000000002
Dominican Republic,DOM,2001,0.1714
Dominican Republic,DOM,2002,0.1706
Dominican Republic,DOM,2003,0.1724
Dominican Republic,DOM,2004,0.1683
Dominican Republic,DOM,2005,0.1663
Dominican Republic,DOM,2006,0.1643
Dominican Republic,DOM,2007,0.17370000000000002
Dominican Republic,DOM,2008,0.1739
Dominican Republic,DOM,2009,0.1507
Dominican Republic,DOM,2010,0.1403
Dominican Republic,DOM,2011,0.1292
Dominican Republic,DOM,2012,0.09330000000000001
Dominican Republic,DOM,2013,0.09330000000000001
Dominican Republic,DOM,2014,0.1114
Dominican Republic,DOM,2015,0.1135
Dominican Republic,DOM,2016,0.10550000000000001
Dominican Republic,DOM,2017,0.101
Dominican Republic,DOM,2018,0.0965
Eastern Africa,,1961,0.5710000000000001
Eastern Africa,,1962,0.5871000000000001
Eastern Africa,,1963,0.6112000000000001
Eastern Africa,,1964,0.6508
Eastern Africa,,1965,0.6209
Eastern Africa,,1966,0.6152000000000001
Eastern Africa,,1967,0.5456
Eastern Africa,,1968,0.5815
Eastern Africa,,1969,0.56
Eastern Africa,,1970,0.5703
Eastern Africa,,1971,0.5929
Eastern Africa,,1972,0.6015
Eastern Africa,,1973,0.6147
Eastern Africa,,1974,0.5937
Eastern Africa,,1975,0.5801000000000001
Eastern Africa,,1976,0.5648000000000001
Eastern Africa,,1977,0.5459
Eastern Africa,,1978,0.5336000000000001
Eastern Africa,,1979,0.5178
Eastern Africa,,1980,0.5144000000000001
Eastern Africa,,1981,0.5481
Eastern Africa,,1982,0.526
Eastern Africa,,1983,0.5172
Eastern Africa,,1984,0.48310000000000003
Eastern Africa,,1985,0.5094000000000001
Eastern Africa,,1986,0.4787
Eastern Africa,,1987,0.5007
Eastern Africa,,1988,0.5361
Eastern Africa,,1989,0.5168
Eastern Africa,,1990,0.46830000000000005
Eastern Africa,,1991,0.5013000000000001
Eastern Africa,,1992,0.609
Eastern Africa,,1993,0.5621
Eastern Africa,,1994,0.6197
Eastern Africa,,1995,0.743
Eastern Africa,,1996,0.884
Eastern Africa,,1997,0.7449
Eastern Africa,,1998,0.8659
Eastern Africa,,1999,0.9102
Eastern Africa,,2000,0.7792
Eastern Africa,,2001,0.6483
Eastern Africa,,2002,0.3962
Eastern Africa,,2003,0.45380000000000004
Eastern Africa,,2004,0.39390000000000003
Eastern Africa,,2005,0.656
Eastern Africa,,2006,0.3966
Eastern Africa,,2007,0.3589
Eastern Africa,,2008,0.6964
Eastern Africa,,2009,0.3261
Eastern Africa,,2010,0.48300000000000004
Eastern Africa,,2011,0.442
Eastern Africa,,2012,0.48650000000000004
Eastern Africa,,2013,0.4413
Eastern Africa,,2014,0.4042
Eastern Africa,,2015,0.5064000000000001
Eastern Africa,,2016,0.5057
Eastern Africa,,2017,0.4308
Eastern Africa,,2018,0.40230000000000005
Eastern Asia,,1985,0.5417000000000001
Eastern Asia,,1986,0.5143
Eastern Asia,,1987,0.48750000000000004
Eastern Asia,,1988,0.5
Eastern Asia,,1989,1.5
Eastern Asia,,1990,0.6667000000000001
Eastern Asia,,1991,0.2667
Eastern Asia,,1992,0.2499
Eastern Asia,,1993,0.2429
Eastern Asia,,1994,0.25
Eastern Asia,,1995,0.1884
Eastern Asia,,1996,0.24000000000000002
Eastern Asia,,1997,0.26080000000000003
Eastern Asia,,1998,0.2202
Eastern Asia,,1999,0.2919
Eastern Asia,,2000,0.3684
Eastern Asia,,2001,0.48610000000000003
Eastern Asia,,2002,0.3841
Eastern Asia,,2003,0.4832
Eastern Asia,,2004,0.2933
Eastern Asia,,2005,0.24380000000000002
Eastern Asia,,2006,0.26130000000000003
Eastern Asia,,2007,0.3069
Eastern Asia,,2008,0.303
Eastern Asia,,2009,0.3642
Eastern Asia,,2010,0.6611
Eastern Asia,,2011,1.0125
Eastern Asia,,2012,1.4446
Eastern Asia,,2013,1.7688000000000001
Eastern Asia,,2014,1.1565
Eastern Asia,,2015,0.9450000000000001
Eastern Asia,,2016,0.7897000000000001
Eastern Asia,,2017,1.1913
Eastern Asia,,2018,1.2497
El Salvador,SLV,1961,0.8571000000000001
El Salvador,SLV,1962,0.8571000000000001
El Salvador,SLV,1963,0.8611000000000001
El Salvador,SLV,1964,0.8611000000000001
El Salvador,SLV,1965,0.8649
El Salvador,SLV,1966,0.8649
El Salvador,SLV,1967,0.8684000000000001
El Salvador,SLV,1968,0.8462000000000001
El Salvador,SLV,1969,0.8500000000000001
El Salvador,SLV,1970,0.8293
El Salvador,SLV,1971,0.8333
El Salvador,SLV,1972,0.8140000000000001
El Salvador,SLV,1973,0.8182
El Salvador,SLV,1974,0.8222
El Salvador,SLV,1975,0.8302
El Salvador,SLV,1976,0.8302
El Salvador,SLV,1977,0.8105
El Salvador,SLV,1978,0.7884
El Salvador,SLV,1979,0.7886000000000001
El Salvador,SLV,1980,0.7886000000000001
El Salvador,SLV,1981,0.7886000000000001
El Salvador,SLV,1982,0.7886000000000001
El Salvador,SLV,1983,0.795
El Salvador,SLV,1984,0.7839
El Salvador,SLV,1985,0.7721
El Salvador,SLV,1986,0.7886000000000001
El Salvador,SLV,1987,0.6768000000000001
El Salvador,SLV,1988,0.6636000000000001
El Salvador,SLV,1989,0.7229
El Salvador,SLV,1990,0.7493000000000001
El Salvador,SLV,1991,0.7143
El Salvador,SLV,1992,0.6857000000000001
El Salvador,SLV,1993,0.7018
El Salvador,SLV,1994,0.7000000000000001
El Salvador,SLV,1995,0.6977
El Salvador,SLV,1996,0.7229
El Salvador,SLV,1997,0.7491
El Salvador,SLV,1998,0.7491
El Salvador,SLV,1999,0.7229
El Salvador,SLV,2000,0.7229
El Salvador,SLV,2001,0.7222000000000001
El Salvador,SLV,2002,0.736
El Salvador,SLV,2003,0.7368
El Salvador,SLV,2004,0.7378
El Salvador,SLV,2005,0.7385
El Salvador,SLV,2006,0.7395
El Salvador,SLV,2007,0.7297
El Salvador,SLV,2008,0.7584000000000001
El Salvador,SLV,2009,0.7726000000000001
El Salvador,SLV,2010,0.788
El Salvador,SLV,2011,0.805
El Salvador,SLV,2012,0.9158000000000001
El Salvador,SLV,2013,0.8689
El Salvador,SLV,2014,1.3673
El Salvador,SLV,2015,0.5154
El Salvador,SLV,2016,0.525
El Salvador,SLV,2017,0.3619
El Salvador,SLV,2018,0.5987
Gambia,GMB,2008,1.6500000000000001
Gambia,GMB,2009,1.6522000000000001
Gambia,GMB,2010,1.6
Gambia,GMB,2011,1.7188
Gambia,GMB,2012,1.697
Gambia,GMB,2013,1.6862000000000001
Gambia,GMB,2014,1.6926
Gambia,GMB,2015,1.7024000000000001
Gambia,GMB,2016,1.7023000000000001
Gambia,GMB,2017,1.7076
Gambia,GMB,2018,1.713
Ghana,GHA,1987,0.5
Ghana,GHA,1988,0.5
Ghana,GHA,1989,0.5
Ghana,GHA,1990,0.48000000000000004
Ghana,GHA,1991,0.5142
Ghana,GHA,1992,0.5164
Ghana,GHA,1993,0.5131
Ghana,GHA,1994,0.5
Ghana,GHA,1995,0.5128
Ghana,GHA,1996,0.5
Ghana,GHA,1997,0.5769000000000001
Ghana,GHA,1998,0.5498000000000001
Ghana,GHA,1999,0.5372
Ghana,GHA,2000,0.534
Ghana,GHA,2001,0.5269
Ghana,GHA,2002,0.5294
Ghana,GHA,2003,0.55
Ghana,GHA,2004,0.5556
Ghana,GHA,2005,0.5577
Ghana,GHA,2006,0.5763
Ghana,GHA,2007,0.522
Ghana,GHA,2008,0.42310000000000003
Ghana,GHA,2009,0.4576
Ghana,GHA,2010,0.49810000000000004
Ghana,GHA,2011,0.439
Ghana,GHA,2012,0.5333
Ghana,GHA,2013,0.5316000000000001
Ghana,GHA,2014,0.5882000000000001
Ghana,GHA,2015,0.5882000000000001
Ghana,GHA,2016,0.5528000000000001
Ghana,GHA,2017,0.5325
Ghana,GHA,2018,0.5329
Guinea,GIN,1985,0.7000000000000001
Guinea,GIN,1986,0.7000000000000001
Guinea,GIN,1987,0.7000000000000001
Guinea,GIN,1988,0.7000000000000001
Guinea,GIN,1989,0.7000000000000001
Guinea,GIN,1990,0.6723
Guinea,GIN,1991,0.8363
Guinea,GIN,1992,0.8341000000000001
Guinea,GIN,1993,0.8
Guinea,GIN,1994,0.8410000000000001
Guinea,GIN,1995,0.8566
Guinea,GIN,1996,0.8722000000000001
Guinea,GIN,1997,0.8877
Guinea,GIN,1998,0.8994000000000001
Guinea,GIN,1999,0.9173
Guinea,GIN,2000,0.9
Guinea,GIN,2001,1
Guinea,GIN,2002,1
Guinea,GIN,2003,1
Guinea,GIN,2004,1
Guinea,GIN,2005,1.1273
Guinea,GIN,2006,1.0833000000000002
Guinea,GIN,2007,1.0484
Guinea,GIN,2008,1
Guinea,GIN,2009,1.0481
Guinea,GIN,2010,0.9861000000000001
Guinea,GIN,2011,1.0718
Guinea,GIN,2012,1.1486
Guinea,GIN,2013,1.1544
Guinea,GIN,2014,1.1304
Guinea,GIN,2015,1.125
Guinea,GIN,2016,1.1472
Guinea,GIN,2017,1.1667
Guinea,GIN,2018,1.1718
Guinea-Bissau,GNB,1961,0.2
Guinea-Bissau,GNB,1962,0.2
Guinea-Bissau,GNB,1963,0.2
Guinea-Bissau,GNB,1964,0.2
Guinea-Bissau,GNB,1965,0.2
Guinea-Bissau,GNB,1966,0.2
Guinea-Bissau,GNB,1967,0.2
Guinea-Bissau,GNB,1968,0.2
Guinea-Bissau,GNB,1969,0.2
Guinea-Bissau,GNB,1970,0.2083
Guinea-Bissau,GNB,1971,0.2083
Guinea-Bissau,GNB,1972,0.2083
Guinea-Bissau,GNB,1973,0.2083
Guinea-Bissau,GNB,1974,0.2083
Guinea-Bissau,GNB,1975,0.2083
Guinea-Bissau,GNB,1976,0.2083
Guinea-Bissau,GNB,1977,0.21430000000000002
Guinea-Bissau,GNB,1978,0.21430000000000002
Guinea-Bissau,GNB,1979,0.21430000000000002
Guinea-Bissau,GNB,1980,0.21880000000000002
Guinea-Bissau,GNB,1981,0.2273
Guinea-Bissau,GNB,1982,0.2273
Guinea-Bissau,GNB,1983,0.2273
Guinea-Bissau,GNB,1984,0.2667
Guinea-Bissau,GNB,1985,0.2766
Guinea-Bissau,GNB,1986,0.3
Guinea-Bissau,GNB,1987,0.32730000000000004
Guinea-Bissau,GNB,1988,0.32730000000000004
Guinea-Bissau,GNB,1989,0.375
Guinea-Bissau,GNB,1990,0.375
Guinea-Bissau,GNB,1991,0.3225
Guinea-Bissau,GNB,1992,0.375
Guinea-Bissau,GNB,1993,0.3526
Guinea-Bissau,GNB,1994,0.3099
Guinea-Bissau,GNB,1995,0.32230000000000003
Guinea-Bissau,GNB,1996,0.3674
Guinea-Bissau,GNB,1997,0.3859
Guinea-Bissau,GNB,1998,0.4
Guinea-Bissau,GNB,1999,0.385
Guinea-Bissau,GNB,2000,0.3463
Guinea-Bissau,GNB,2001,0.3895
Guinea-Bissau,GNB,2002,0.4057
Guinea-Bissau,GNB,2003,0.41650000000000004
Guinea-Bissau,GNB,2004,0.4228
Guinea-Bissau,GNB,2005,0.4178
Guinea-Bissau,GNB,2006,0.4481
Guinea-Bissau,GNB,2007,0.46580000000000005
Guinea-Bissau,GNB,2008,0.5163
Guinea-Bissau,GNB,2009,0.5642
Guinea-Bissau,GNB,2010,0.5292
Guinea-Bissau,GNB,2011,0.5192
Guinea-Bissau,GNB,2012,0.5272
Guinea-Bissau,GNB,2013,0.5342
Guinea-Bissau,GNB,2014,0.5459
Guinea-Bissau,GNB,2015,0.5563
Guinea-Bissau,GNB,2016,0.5651
Guinea-Bissau,GNB,2017,0.5734
Guinea-Bissau,GNB,2018,0.5818
Honduras,HND,1986,0.25
Honduras,HND,1987,0.2667
Honduras,HND,1988,0.2727
Honduras,HND,1989,0.273
Honduras,HND,1990,1.4286
Honduras,HND,1991,1.4117000000000002
Honduras,HND,1992,1.4111
Honduras,HND,1993,1.4105
Honduras,HND,1994,1.4100000000000001
Honduras,HND,1995,1.4099000000000002
Honduras,HND,1996,1.4101000000000001
Honduras,HND,1997,1.4057000000000002
Honduras,HND,1998,1.4063
Honduras,HND,1999,1.4085
Honduras,HND,2000,1.4113
Honduras,HND,2001,1.1333
Honduras,HND,2002,1.6679000000000002
Honduras,HND,2003,1.5769
Honduras,HND,2004,1.4865000000000002
Honduras,HND,2005,1.3943
Honduras,HND,2006,1.4615
Honduras,HND,2007,1.4535
Honduras,HND,2008,1.4549
Honduras,HND,2009,1.4552
Honduras,HND,2010,1.4559
Honduras,HND,2011,1.4567
Honduras,HND,2012,1.4286
Honduras,HND,2013,1.4583000000000002
Honduras,HND,2014,1.4559
Honduras,HND,2015,1.4519
Honduras,HND,2016,1.4483000000000001
Honduras,HND,2017,1.4489
Honduras,HND,2018,1.4495
India,IND,1961,0.42500000000000004
India,IND,1962,0.44
India,IND,1963,0.4279
India,IND,1964,0.4419
India,IND,1965,0.4348
India,IND,1966,0.4302
India,IND,1967,0.4585
India,IND,1968,0.4611
India,IND,1969,0.45330000000000004
India,IND,1970,0.43860000000000005
India,IND,1971,0.4202
India,IND,1972,0.4062
India,IND,1973,0.39530000000000004
India,IND,1974,0.386
India,IND,1975,0.3991
India,IND,1976,0.4312
India,IND,1977,0.4324
India,IND,1978,0.4284
India,IND,1979,0.40940000000000004
India,IND,1980,0.40290000000000004
India,IND,1981,0.39880000000000004
India,IND,1982,0.40690000000000004
India,IND,1983,0.40900000000000003
India,IND,1984,0.42010000000000003
India,IND,1985,0.43420000000000003
India,IND,1986,0.45230000000000004
India,IND,1987,0.4696
India,IND,1988,0.49350000000000005
India,IND,1989,0.5183
India,IND,1990,0.538
India,IND,1991,0.5539000000000001
India,IND,1992,0.5722
India,IND,1993,0.625
India,IND,1994,0.6195
India,IND,1995,0.5574
India,IND,1996,0.658
India,IND,1997,0.6525000000000001
India,IND,1998,0.5333
India,IND,1999,0.6516000000000001
India,IND,2000,0.758
India,IND,2001,0.6429
India,IND,2002,0.6267
India,IND,2003,0.6494
India,IND,2004,0.6859000000000001
India,IND,2005,0.6634
India,IND,2006,0.6846
India,IND,2007,0.7260000000000001
India,IND,2008,0.7661
India,IND,2009,0.7783
India,IND,2010,0.6641
India,IND,2011,0.7077
India,IND,2012,0.7406
India,IND,2013,0.7591
India,IND,2014,0.7448
India,IND,2015,0.7233
India,IND,2016,0.6477
India,IND,2017,0.7618
India,IND,2018,0.7831
Indonesia,IDN,1975,0.1562
Indonesia,IDN,1976,0.1033
Indonesia,IDN,1977,0.10250000000000001
Indonesia,IDN,1978,0.1066
Indonesia,IDN,1979,0.1115
Indonesia,IDN,1980,0.0777
Indonesia,IDN,1981,0.08270000000000001
Indonesia,IDN,1982,0.0897
Indonesia,IDN,1983,0.0932
Indonesia,IDN,1984,0.0988
Indonesia,IDN,1985,0.2346
Indonesia,IDN,1986,0.2252
Indonesia,IDN,1987,0.2504
Indonesia,IDN,1988,0.20270000000000002
Indonesia,IDN,1989,0.2333
Indonesia,IDN,1990,0.2393
Indonesia,IDN,1991,0.3578
Indonesia,IDN,1992,0.39130000000000004
Indonesia,IDN,1993,0.4152
Indonesia,IDN,1994,0.3854
Indonesia,IDN,1995,0.3947
Indonesia,IDN,1996,0.29200000000000004
Indonesia,IDN,1997,0.1477
Indonesia,IDN,1998,0.1652
Indonesia,IDN,1999,0.1618
Indonesia,IDN,2000,0.1246
Indonesia,IDN,2001,0.161
Indonesia,IDN,2002,0.1904
Indonesia,IDN,2003,0.1865
Indonesia,IDN,2004,0.23140000000000002
Indonesia,IDN,2005,0.233
Indonesia,IDN,2006,0.26180000000000003
Indonesia,IDN,2007,0.25620000000000004
Indonesia,IDN,2008,0.273
Indonesia,IDN,2009,0.25730000000000003
Indonesia,IDN,2010,0.2021
Indonesia,IDN,2011,0.19970000000000002
Indonesia,IDN,2012,0.2034
Indonesia,IDN,2013,0.2097
Indonesia,IDN,2014,0.24760000000000001
Indonesia,IDN,2015,0.2631
Indonesia,IDN,2016,0.2665
Indonesia,IDN,2017,0.2576
Indonesia,IDN,2018,0.2705
Kenya,KEN,1961,0.3
Kenya,KEN,1962,0.35000000000000003
Kenya,KEN,1963,0.35000000000000003
Kenya,KEN,1964,0.36150000000000004
Kenya,KEN,1965,0.3462
Kenya,KEN,1966,0.3536
Kenya,KEN,1967,0.3471
Kenya,KEN,1968,0.3542
Kenya,KEN,1969,0.36000000000000004
Kenya,KEN,1970,0.3265
Kenya,KEN,1971,0.384
Kenya,KEN,1972,0.3422
Kenya,KEN,1973,0.33740000000000003
Kenya,KEN,1974,0.3549
Kenya,KEN,1975,0.33230000000000004
Kenya,KEN,1976,0.3836
Kenya,KEN,1977,0.4118
Kenya,KEN,1978,0.42350000000000004
Kenya,KEN,1979,0.3517
Kenya,KEN,1980,0.3488
Kenya,KEN,1981,0.35000000000000003
Kenya,KEN,1982,0.3511
Kenya,KEN,1983,0.35000000000000003
Kenya,KEN,1984,0.46880000000000005
Kenya,KEN,1985,0.3542
Kenya,KEN,1986,0.3517
Kenya,KEN,1987,0.3542
Kenya,KEN,1988,0.3543
Kenya,KEN,1989,0.3543
Kenya,KEN,1990,0.31820000000000004
Kenya,KEN,1991,0.3529
Kenya,KEN,1992,0.35710000000000003
Kenya,KEN,1993,0.36360000000000003
Kenya,KEN,1994,0.3529
Kenya,KEN,1995,0.33330000000000004
Kenya,KEN,1996,0.3259
Kenya,KEN,1997,0.2833
Kenya,KEN,1998,0.4707
Kenya,KEN,1999,0.39580000000000004
Kenya,KEN,2000,0.35710000000000003
Kenya,KEN,2001,0.3889
Kenya,KEN,2002,0.3569
Kenya,KEN,2003,0.35710000000000003
Kenya,KEN,2004,0.4234
Kenya,KEN,2005,0.4595
Kenya,KEN,2006,0.49150000000000005
Kenya,KEN,2007,0.5248
Kenya,KEN,2008,0.5313
Kenya,KEN,2009,0.5837
Kenya,KEN,2010,0.5888
Kenya,KEN,2011,0.6871
Kenya,KEN,2012,0.9422
Kenya,KEN,2013,0.9757
Kenya,KEN,2014,1.0245
Kenya,KEN,2015,1.1612
Kenya,KEN,2016,0.8365
Kenya,KEN,2017,0.4702
Kenya,KEN,2018,0.5154
Land Locked Developing Countries,,1978,0.2
Land Locked Developing Countries,,1979,0.2
Land Locked Developing Countries,,1980,0.32830000000000004
Land Locked Developing Countries,,1981,0.2038
Land Locked Developing Countries,,1982,0.21130000000000002
Land Locked Developing Countries,,1983,0.21330000000000002
Land Locked Developing Countries,,1984,0.20140000000000002
Land Locked Developing Countries,,1985,0.2245
Land Locked Developing Countries,,1986,0.2447
Land Locked Developing Countries,,1987,0.2531
Land Locked Developing Countries,,1988,0.38720000000000004
Land Locked Developing Countries,,1989,0.39080000000000004
Land Locked Developing Countries,,1990,0.21480000000000002
Land Locked Developing Countries,,1991,0.6028
Land Locked Developing Countries,,1992,0.7071000000000001
Land Locked Developing Countries,,1993,0.8025
Land Locked Developing Countries,,1994,0.8763000000000001
Land Locked Developing Countries,,1995,0.9133
Land Locked Developing Countries,,1996,0.8981
Land Locked Developing Countries,,1997,0.9932000000000001
Land Locked Developing Countries,,1998,0.9746
Land Locked Developing Countries,,1999,1.0613000000000001
Land Locked Developing Countries,,2000,0.9971000000000001
Land Locked Developing Countries,,2001,1.02
Land Locked Developing Countries,,2002,1.0607
Land Locked Developing Countries,,2003,1.054
Land Locked Developing Countries,,2004,1.0761
Land Locked Developing Countries,,2005,1.096
Land Locked Developing Countries,,2006,1.1343
Land Locked Developing Countries,,2007,1.2792000000000001
Land Locked Developing Countries,,2008,1.3238
Land Locked Developing Countries,,2009,1.3364
Land Locked Developing Countries,,2010,1.1136000000000001
Land Locked Developing Countries,,2011,1.0898
Land Locked Developing Countries,,2012,1.0181
Land Locked Developing Countries,,2013,1.038
Land Locked Developing Countries,,2014,1.222
Land Locked Developing Countries,,2015,1.2149
Land Locked Developing Countries,,2016,1.3096
Land Locked Developing Countries,,2017,1.2996
Land Locked Developing Countries,,2018,1.9422000000000001
Least Developed Countries,,1961,0.5613
Least Developed Countries,,1962,0.5839
Least Developed Countries,,1963,0.6085
Least Developed Countries,,1964,0.6531
Least Developed Countries,,1965,0.6234000000000001
Least Developed Countries,,1966,0.619
Least Developed Countries,,1967,0.5465
Least Developed Countries,,1968,0.5760000000000001
Least Developed Countries,,1969,0.5505
Least Developed Countries,,1970,0.5844
Least Developed Countries,,1971,0.5939
Least Developed Countries,,1972,0.5997
Least Developed Countries,,1973,0.6183000000000001
Least Developed Countries,,1974,0.5957
Least Developed Countries,,1975,0.5924
Least Developed Countries,,1976,0.5818
Least Developed Countries,,1977,0.5556
Least Developed Countries,,1978,0.5347000000000001
Least Developed Countries,,1979,0.516
Least Developed Countries,,1980,0.504
Least Developed Countries,,1981,0.5296000000000001
Least Developed Countries,,1982,0.4847
Least Developed Countries,,1983,0.4697
Least Developed Countries,,1984,0.40900000000000003
Least Developed Countries,,1985,0.4441
Least Developed Countries,,1986,0.4267
Least Developed Countries,,1987,0.4455
Least Developed Countries,,1988,0.4822
Least Developed Countries,,1989,0.4698
Least Developed Countries,,1990,0.40740000000000004
Least Developed Countries,,1991,0.42910000000000004
Least Developed Countries,,1992,0.503
Least Developed Countries,,1993,0.43720000000000003
Least Developed Countries,,1994,0.4419
Least Developed Countries,,1995,0.47200000000000003
Least Developed Countries,,1996,0.5554
Least Developed Countries,,1997,0.4551
Least Developed Countries,,1998,0.5084000000000001
Least Developed Countries,,1999,0.5057
Least Developed Countries,,2000,0.49820000000000003
Least Developed Countries,,2001,0.4792
Least Developed Countries,,2002,0.38170000000000004
Least Developed Countries,,2003,0.4157
Least Developed Countries,,2004,0.3965
Least Developed Countries,,2005,0.5163
Least Developed Countries,,2006,0.4056
Least Developed Countries,,2007,0.3783
Least Developed Countries,,2008,0.4627
Least Developed Countries,,2009,0.3316
Least Developed Countries,,2010,0.4685
Least Developed Countries,,2011,0.4832
Least Developed Countries,,2012,0.4712
Least Developed Countries,,2013,0.46840000000000004
Least Developed Countries,,2014,0.46840000000000004
Least Developed Countries,,2015,0.4969
Least Developed Countries,,2016,0.5437000000000001
Least Developed Countries,,2017,0.5052
Least Developed Countries,,2018,0.5371
Low Income Food Deficit Countries,,1961,0.4955
Low Income Food Deficit Countries,,1962,0.5155000000000001
Low Income Food Deficit Countries,,1963,0.526
Low Income Food Deficit Countries,,1964,0.5587
Low Income Food Deficit Countries,,1965,0.5345
Low Income Food Deficit Countries,,1966,0.5267000000000001
Low Income Food Deficit Countries,,1967,0.4968
Low Income Food Deficit Countries,,1968,0.5272
Low Income Food Deficit Countries,,1969,0.5073
Low Income Food Deficit Countries,,1970,0.5127
Low Income Food Deficit Countries,,1971,0.5223
Low Income Food Deficit Countries,,1972,0.5189
Low Income Food Deficit Countries,,1973,0.5302
Low Income Food Deficit Countries,,1974,0.5061
Low Income Food Deficit Countries,,1975,0.49860000000000004
Low Income Food Deficit Countries,,1976,0.4918
Low Income Food Deficit Countries,,1977,0.48040000000000005
Low Income Food Deficit Countries,,1978,0.4631
Low Income Food Deficit Countries,,1979,0.44070000000000004
Low Income Food Deficit Countries,,1980,0.43160000000000004
Low Income Food Deficit Countries,,1981,0.4399
Low Income Food Deficit Countries,,1982,0.4267
Low Income Food Deficit Countries,,1983,0.4239
Low Income Food Deficit Countries,,1984,0.4308
Low Income Food Deficit Countries,,1985,0.45220000000000005
Low Income Food Deficit Countries,,1986,0.4676
Low Income Food Deficit Countries,,1987,0.4953
Low Income Food Deficit Countries,,1988,0.5143
Low Income Food Deficit Countries,,1989,0.5331
Low Income Food Deficit Countries,,1990,0.5643
Low Income Food Deficit Countries,,1991,0.5769000000000001
Low Income Food Deficit Countries,,1992,0.6068
Low Income Food Deficit Countries,,1993,0.6865
Low Income Food Deficit Countries,,1994,0.6897
Low Income Food Deficit Countries,,1995,0.6221
Low Income Food Deficit Countries,,1996,0.7163
Low Income Food Deficit Countries,,1997,0.6833
Low Income Food Deficit Countries,,1998,0.6089
Low Income Food Deficit Countries,,1999,0.5997
Low Income Food Deficit Countries,,2000,0.6995
Low Income Food Deficit Countries,,2001,0.6829000000000001
Low Income Food Deficit Countries,,2002,0.6922
Low Income Food Deficit Countries,,2003,0.7612
Low Income Food Deficit Countries,,2004,0.8162
Low Income Food Deficit Countries,,2005,0.8835000000000001
Low Income Food Deficit Countries,,2006,0.8417
Low Income Food Deficit Countries,,2007,0.8528
Low Income Food Deficit Countries,,2008,0.8688
Low Income Food Deficit Countries,,2009,0.7602
Low Income Food Deficit Countries,,2010,0.8329000000000001
Low Income Food Deficit Countries,,2011,0.806
Low Income Food Deficit Countries,,2012,0.812
Low Income Food Deficit Countries,,2013,0.7562
Low Income Food Deficit Countries,,2014,0.7160000000000001
Low Income Food Deficit Countries,,2015,0.787
Low Income Food Deficit Countries,,2016,0.7693
Low Income Food Deficit Countries,,2017,0.9544
Low Income Food Deficit Countries,,2018,1.0627
Madagascar,MDG,1961,0.16
Madagascar,MDG,1962,0.17
Madagascar,MDG,1963,0.18000000000000002
Madagascar,MDG,1964,0.18000000000000002
Madagascar,MDG,1965,0.19
Madagascar,MDG,1966,0.2
Madagascar,MDG,1967,0.2
Madagascar,MDG,1968,0.2157
Madagascar,MDG,1969,0.2255
Madagascar,MDG,1970,0.2353
Madagascar,MDG,1971,0.2381
Madagascar,MDG,1972,0.24760000000000001
Madagascar,MDG,1973,0.2571
Madagascar,MDG,1974,0.2545
Madagascar,MDG,1975,0.2636
Madagascar,MDG,1976,0.2727
Madagascar,MDG,1977,0.2743
Madagascar,MDG,1978,0.2957
Madagascar,MDG,1979,0.28700000000000003
Madagascar,MDG,1980,0.2957
Madagascar,MDG,1981,0.3103
Madagascar,MDG,1982,0.31670000000000004
Madagascar,MDG,1983,0.31670000000000004
Madagascar,MDG,1984,0.325
Madagascar,MDG,1985,0.3279
Madagascar,MDG,1986,0.36000000000000004
Madagascar,MDG,1987,0.3538
Madagascar,MDG,1988,0.3759
Madagascar,MDG,1989,0.3885
Madagascar,MDG,1990,0.3841
Madagascar,MDG,1991,0.39730000000000004
Madagascar,MDG,1992,0.3924
Madagascar,MDG,1993,0.35710000000000003
Madagascar,MDG,1994,0.4
Madagascar,MDG,1995,0.3896
Madagascar,MDG,1996,0.4063
Madagascar,MDG,1997,0.4242
Madagascar,MDG,1998,0.4063
Madagascar,MDG,1999,0.4242
Madagascar,MDG,2000,0.4063
Madagascar,MDG,2001,0.4103
Madagascar,MDG,2002,0.4087
Madagascar,MDG,2003,0.41450000000000004
Madagascar,MDG,2004,0.4173
Madagascar,MDG,2005,0.42010000000000003
Madagascar,MDG,2006,0.4136
Madagascar,MDG,2007,0.4182
Madagascar,MDG,2008,0.4303
Madagascar,MDG,2009,0.4355
Madagascar,MDG,2010,0.44070000000000004
Madagascar,MDG,2011,0.44570000000000004
Madagascar,MDG,2012,0.4667
Madagascar,MDG,2013,0.4667
Madagascar,MDG,2014,0.45740000000000003
Madagascar,MDG,2015,0.45880000000000004
Madagascar,MDG,2016,0.46180000000000004
Madagascar,MDG,2017,0.46440000000000003
Madagascar,MDG,2018,0.467
Malaysia,MYS,1961,1.8
Malaysia,MYS,1962,1.8
Malaysia,MYS,1963,1.8
Malaysia,MYS,1964,1.8
Malaysia,MYS,1965,1.8
Malaysia,MYS,1966,1.8
Malaysia,MYS,1967,1.8
Malaysia,MYS,1968,1.7619
Malaysia,MYS,1969,1.7727000000000002
Malaysia,MYS,1970,1.7932000000000001
Malaysia,MYS,1971,1.7928000000000002
Malaysia,MYS,1972,1.7619
Malaysia,MYS,1973,1.7572
Malaysia,MYS,1974,1.7989000000000002
Malaysia,MYS,1975,1.798
Malaysia,MYS,1976,1.7582
Malaysia,MYS,1977,1.7956
Malaysia,MYS,1978,1.8065
Malaysia,MYS,1979,1.6856
Malaysia,MYS,1980,1.7735
Malaysia,MYS,1981,1.8109000000000002
Malaysia,MYS,1982,1.7544000000000002
Malaysia,MYS,1983,1.8004
Malaysia,MYS,1984,1.7981
Malaysia,MYS,1985,1.7143000000000002
Malaysia,MYS,1986,1.885
Malaysia,MYS,1987,1.8557000000000001
Malaysia,MYS,1988,1.8849
Malaysia,MYS,1989,1.8851
Malaysia,MYS,1990,1.8868
Malaysia,MYS,1991,1.8966
Malaysia,MYS,1992,1.875
Malaysia,MYS,1993,1.8775000000000002
Malaysia,MYS,1994,1.8799000000000001
Malaysia,MYS,1995,1.8571000000000002
Malaysia,MYS,1996,1.8836000000000002
Malaysia,MYS,1997,1.8856000000000002
Malaysia,MYS,1998,1.8873000000000002
Malaysia,MYS,1999,1.8892
Malaysia,MYS,2000,1.8939000000000001
Malaysia,MYS,2001,1.8964
Malaysia,MYS,2002,1.8992
Malaysia,MYS,2003,1.9041000000000001
Malaysia,MYS,2004,1.9120000000000001
Malaysia,MYS,2005,1.9224
Malaysia,MYS,2006,1.9342000000000001
Malaysia,MYS,2007,1.8571000000000002
Malaysia,MYS,2008,1.9688
Malaysia,MYS,2009,1.9935
Malaysia,MYS,2010,2.0196
Malaysia,MYS,2011,2.0467
Malaysia,MYS,2012,2.2222
Malaysia,MYS,2013,2.1
Malaysia,MYS,2014,2.1169000000000002
Malaysia,MYS,2015,2.1351
Malaysia,MYS,2016,2.165
Malaysia,MYS,2017,2.185
Malaysia,MYS,2018,2.2051000000000003
Mali,MLI,1980,0.4
Mali,MLI,1981,0.4
Mali,MLI,1982,0.4
Mali,MLI,1983,0.4
Mali,MLI,1984,0.4
Mali,MLI,1985,0.4
Mali,MLI,1986,0.4
Mali,MLI,1987,0.4
Mali,MLI,1991,1.3315000000000001
Mali,MLI,1992,1.3359
Mali,MLI,1993,1.3403
Mali,MLI,1994,1.3447
Mali,MLI,1995,1.3491
Mali,MLI,1996,1.3534000000000002
Mali,MLI,1997,1.3578000000000001
Mali,MLI,1998,1.3622
Mali,MLI,1999,1.3666
Mali,MLI,2000,1.371
Mali,MLI,2001,1.3754
Mali,MLI,2002,1.3797000000000001
Mali,MLI,2003,1.3841
Mali,MLI,2004,1.3964
Mali,MLI,2005,1.4166
Mali,MLI,2006,1.4708
Mali,MLI,2007,1.5334
Mali,MLI,2008,1.5961
Mali,MLI,2009,1.6588
Mali,MLI,2010,1.7214
Mali,MLI,2011,1.718
Mali,MLI,2012,1.3611
Mali,MLI,2013,1.3595000000000002
Mali,MLI,2014,1.9906000000000001
Mali,MLI,2015,2.2121
Mali,MLI,2016,2.4765
Mali,MLI,2017,2.157
Mali,MLI,2018,4.1896
Mexico,MEX,1980,1.1408
Mexico,MEX,1981,1.1408
Mexico,MEX,1983,6.0952
Mexico,MEX,1985,2.8995
Mexico,MEX,1986,2.4732000000000003
Mexico,MEX,1987,3.2168
Mexico,MEX,1988,2.8974
Mexico,MEX,1989,2.3032
Mexico,MEX,1990,2.7541
Mexico,MEX,1991,3
Mexico,MEX,1994,0.4
Mexico,MEX,1995,0.08850000000000001
Mexico,MEX,1996,0.1476
Mexico,MEX,1997,0.1505
Mexico,MEX,1998,0.35760000000000003
Mexico,MEX,1999,0.5991000000000001
Mexico,MEX,2000,0.7015
Mexico,MEX,2001,0.78
Mexico,MEX,2002,3.0659
Mexico,MEX,2003,1.2388000000000001
Mexico,MEX,2004,2.1208
Mexico,MEX,2005,3.0496000000000003
Mexico,MEX,2006,2.3479
Mexico,MEX,2007,2.2575000000000003
Mexico,MEX,2008,2.7788
Mexico,MEX,2009,3.2069
Mexico,MEX,2010,2.8262
Mexico,MEX,2011,3.5294000000000003
Mexico,MEX,2012,3.0088000000000004
Mexico,MEX,2013,3.0131
Mexico,MEX,2014,2.9423000000000004
Mexico,MEX,2015,2.9979
Mexico,MEX,2016,2.4971
Mexico,MEX,2017,2.6550000000000002
Mexico,MEX,2018,2.5066
Middle Africa,,1961,0.33330000000000004
Middle Africa,,1962,0.33330000000000004
Middle Africa,,1963,0.33330000000000004
Middle Africa,,1964,0.33330000000000004
Middle Africa,,1965,0.33330000000000004
Middle Africa,,1966,0.3667
Middle Africa,,1967,0.4
Middle Africa,,1968,0.4
Middle Africa,,1969,0.4
Middle Africa,,1970,0.4333
Middle Africa,,1971,0.4333
Middle Africa,,1972,0.4333
Middle Africa,,1973,0.4667
Middle Africa,,1974,0.4667
Middle Africa,,1975,0.4667
Middle Africa,,1976,0.4667
Middle Africa,,1977,0.5
Middle Africa,,1978,0.4
Middle Africa,,1979,0.4
Middle Africa,,1980,0.4
Middle Africa,,1981,0.4
Middle Africa,,1982,0.4
Middle Africa,,1983,0.4
Middle Africa,,1984,0.4
Middle Africa,,1985,0.4
Middle Africa,,1986,0.4
Middle Africa,,1987,0.4
Middle Africa,,1988,0.4
Middle Africa,,1989,0.4
Middle Africa,,1990,0.272
Middle Africa,,1991,0.38420000000000004
Middle Africa,,1992,0.38230000000000003
Middle Africa,,1993,0.3929
Middle Africa,,1994,0.3478
Middle Africa,,1995,0.3715
Middle Africa,,1996,0.4
Middle Africa,,1997,0.3929
Middle Africa,,1998,0.4
Middle Africa,,1999,0.4
Middle Africa,,2000,0.3929
Middle Africa,,2001,0.43270000000000003
Middle Africa,,2002,0.4465
Middle Africa,,2003,0.4607
Middle Africa,,2004,0.4752
Middle Africa,,2005,0.5088
Middle Africa,,2006,0.5288
Middle Africa,,2007,0.5447000000000001
Middle Africa,,2008,0.5698
Middle Africa,,2009,0.5934
Middle Africa,,2010,0.625
Middle Africa,,2011,0.6461
Middle Africa,,2012,0.7143
Middle Africa,,2013,0.7071000000000001
Middle Africa,,2014,0.7118
Middle Africa,,2015,0.7256
Middle Africa,,2016,0.7518
Middle Africa,,2017,0.7718
Middle Africa,,2018,0.7919
Mozambique,MOZ,1961,0.5944
Mozambique,MOZ,1962,0.6
Mozambique,MOZ,1963,0.6478
Mozambique,MOZ,1964,0.6783
Mozambique,MOZ,1965,0.6476000000000001
Mozambique,MOZ,1966,0.6263000000000001
Mozambique,MOZ,1967,0.5611
Mozambique,MOZ,1968,0.6197
Mozambique,MOZ,1969,0.6168
Mozambique,MOZ,1970,0.6345000000000001
Mozambique,MOZ,1971,0.6313000000000001
Mozambique,MOZ,1972,0.625
Mozambique,MOZ,1973,0.6667000000000001
Mozambique,MOZ,1974,0.6276
Mozambique,MOZ,1975,0.6267
Mozambique,MOZ,1976,0.61
Mozambique,MOZ,1977,0.61
Mozambique,MOZ,1978,0.5545
Mozambique,MOZ,1979,0.55
Mozambique,MOZ,1980,0.5469
Mozambique,MOZ,1981,0.5469
Mozambique,MOZ,1982,0.5545
Mozambique,MOZ,1983,0.5651
Mozambique,MOZ,1984,0.5639000000000001
Mozambique,MOZ,1985,0.5721
Mozambique,MOZ,1986,0.5769000000000001
Mozambique,MOZ,1987,0.5738
Mozambique,MOZ,1988,0.6
Mozambique,MOZ,1989,0.5909
Mozambique,MOZ,1990,0.5631
Mozambique,MOZ,1991,0.5766
Mozambique,MOZ,1992,0.6378
Mozambique,MOZ,1993,0.5319
Mozambique,MOZ,1994,0.5111
Mozambique,MOZ,1995,0.6077
Mozambique,MOZ,1996,0.8868
Mozambique,MOZ,1997,0.7221000000000001
Mozambique,MOZ,1998,0.7954
Mozambique,MOZ,1999,0.8389000000000001
Mozambique,MOZ,2000,0.8390000000000001
Mozambique,MOZ,2001,0.8286
Mozambique,MOZ,2002,0.772
Mozambique,MOZ,2003,0.8509
Mozambique,MOZ,2004,0.7165
Mozambique,MOZ,2005,0.8695
Mozambique,MOZ,2006,0.8376
Mozambique,MOZ,2007,0.8266
Mozambique,MOZ,2008,0.8333
Mozambique,MOZ,2009,0.8312
Mozambique,MOZ,2010,0.8778
Mozambique,MOZ,2011,0.8057000000000001
Mozambique,MOZ,2012,0.8091
Mozambique,MOZ,2013,0.8737
Mozambique,MOZ,2014,0.7885000000000001
Mozambique,MOZ,2015,0.8235
Mozambique,MOZ,2016,0.8417
Mozambique,MOZ,2017,0.8314
Mozambique,MOZ,2018,0.8325
Myanmar,MMR,2001,0.6429
Myanmar,MMR,2002,0.625
Myanmar,MMR,2003,0.6667000000000001
Myanmar,MMR,2004,0.6667000000000001
Myanmar,MMR,2005,0.7051000000000001
Myanmar,MMR,2006,0.75
Myanmar,MMR,2007,0.7882
Myanmar,MMR,2008,0.7778
Myanmar,MMR,2009,0.75
Myanmar,MMR,2010,0.7200000000000001
Myanmar,MMR,2011,0.8667
Myanmar,MMR,2012,0.8667
Myanmar,MMR,2013,0.8516
Myanmar,MMR,2014,0.86
Myanmar,MMR,2015,0.8743000000000001
Myanmar,MMR,2016,0.879
Myanmar,MMR,2017,0.8901
Myanmar,MMR,2018,0.9011
Net Food Importing Developing Countries,,1961,0.5575
Net Food Importing Developing Countries,,1962,0.5716
Net Food Importing Developing Countries,,1963,0.5885
Net Food Importing Developing Countries,,1964,0.6313000000000001
Net Food Importing Developing Countries,,1965,0.6188
Net Food Importing Developing Countries,,1966,0.608
Net Food Importing Developing Countries,,1967,0.5369
Net Food Importing Developing Countries,,1968,0.5707
Net Food Importing Developing Countries,,1969,0.5423
Net Food Importing Developing Countries,,1970,0.5539000000000001
Net Food Importing Developing Countries,,1971,0.5772
Net Food Importing Developing Countries,,1972,0.5841000000000001
Net Food Importing Developing Countries,,1973,0.6024
Net Food Importing Developing Countries,,1974,0.5815
Net Food Importing Developing Countries,,1975,0.5664
Net Food Importing Developing Countries,,1976,0.5534
Net Food Importing Developing Countries,,1977,0.5333
Net Food Importing Developing Countries,,1978,0.5227
Net Food Importing Developing Countries,,1979,0.5093
Net Food Importing Developing Countries,,1980,0.46080000000000004
Net Food Importing Developing Countries,,1981,0.4834
Net Food Importing Developing Countries,,1982,0.4456
Net Food Importing Developing Countries,,1983,0.4136
Net Food Importing Developing Countries,,1984,0.3856
Net Food Importing Developing Countries,,1985,0.4007
Net Food Importing Developing Countries,,1986,0.3839
Net Food Importing Developing Countries,,1987,0.3936
Net Food Importing Developing Countries,,1988,0.42960000000000004
Net Food Importing Developing Countries,,1989,0.4253
Net Food Importing Developing Countries,,1990,0.3874
Net Food Importing Developing Countries,,1991,0.39480000000000004
Net Food Importing Developing Countries,,1992,0.4511
Net Food Importing Developing Countries,,1993,0.39780000000000004
Net Food Importing Developing Countries,,1994,0.39880000000000004
Net Food Importing Developing Countries,,1995,0.4106
Net Food Importing Developing Countries,,1996,0.4898
Net Food Importing Developing Countries,,1997,0.42150000000000004
Net Food Importing Developing Countries,,1998,0.49160000000000004
Net Food Importing Developing Countries,,1999,0.4647
Net Food Importing Developing Countries,,2000,0.4615
Net Food Importing Developing Countries,,2001,0.4979
Net Food Importing Developing Countries,,2002,0.3754
Net Food Importing Developing Countries,,2003,0.38230000000000003
Net Food Importing Developing Countries,,2004,0.3836
Net Food Importing Developing Countries,,2005,0.45020000000000004
Net Food Importing Developing Countries,,2006,0.3906
Net Food Importing Developing Countries,,2007,0.3771
Net Food Importing Developing Countries,,2008,0.43110000000000004
Net Food Importing Developing Countries,,2009,0.3622
Net Food Importing Developing Countries,,2010,0.4404
Net Food Importing Developing Countries,,2011,0.4554
Net Food Importing Developing Countries,,2012,0.4504
Net Food Importing Developing Countries,,2013,0.44880000000000003
Net Food Importing Developing Countries,,2014,0.4486
Net Food Importing Developing Countries,,2015,0.4632
Net Food Importing Developing Countries,,2016,0.4859
Net Food Importing Developing Countries,,2017,0.4693
Net Food Importing Developing Countries,,2018,0.49100000000000005
Nigeria,NGA,1961,0.4667
Nigeria,NGA,1962,0.5833
Nigeria,NGA,1963,0.6
Nigeria,NGA,1964,0.6129
Nigeria,NGA,1965,0.6197
Nigeria,NGA,1966,0.6216
Nigeria,NGA,1967,0.6234000000000001
Nigeria,NGA,1968,0.625
Nigeria,NGA,1969,0.625
Nigeria,NGA,1970,0.625
Nigeria,NGA,1971,0.625
Nigeria,NGA,1972,0.625
Nigeria,NGA,1973,0.625
Nigeria,NGA,1974,0.625
Nigeria,NGA,1975,0.625
Nigeria,NGA,1976,0.625
Nigeria,NGA,1977,0.625
Nigeria,NGA,1978,0.625
Nigeria,NGA,1979,0.625
Nigeria,NGA,1980,0.625
Nigeria,NGA,1981,0.625
Nigeria,NGA,1982,0.625
Nigeria,NGA,1983,0.625
Nigeria,NGA,1984,0.625
Nigeria,NGA,1985,0.625
Nigeria,NGA,1986,0.625
Nigeria,NGA,1987,0.625
Nigeria,NGA,1988,0.625
Nigeria,NGA,1989,0.625
Nigeria,NGA,1990,0.6
Nigeria,NGA,1991,0.6
Nigeria,NGA,1992,0.6111
Nigeria,NGA,1993,0.625
Nigeria,NGA,1994,0.6296
Nigeria,NGA,1995,0.6129
Nigeria,NGA,1996,0.6286
Nigeria,NGA,1997,0.5144000000000001
Nigeria,NGA,1998,0.625
Nigeria,NGA,1999,1.7521
Nigeria,NGA,2000,1.7992000000000001
Nigeria,NGA,2001,1.8302
Nigeria,NGA,2002,1.8828
Nigeria,NGA,2003,1.8917000000000002
Nigeria,NGA,2004,1.9007
Nigeria,NGA,2005,1.9223000000000001
Nigeria,NGA,2006,1.9875
Nigeria,NGA,2007,2
Nigeria,NGA,2008,2.0463
Nigeria,NGA,2009,2.2222
Nigeria,NGA,2010,2.0698000000000003
Nigeria,NGA,2011,1.667
Nigeria,NGA,2012,1.4032
Nigeria,NGA,2013,1.1417000000000002
Nigeria,NGA,2014,0.7827000000000001
Nigeria,NGA,2015,0.7386
Nigeria,NGA,2016,1.6261
Nigeria,NGA,2017,1.597
Nigeria,NGA,2018,1.5978
Peru,PER,1989,5.3
Peru,PER,1990,5.2941
Peru,PER,1991,4.7
Peru,PER,1992,4.7
Peru,PER,1993,4.6429
Peru,PER,1994,4.3079
Peru,PER,1995,4.748600000000001
Peru,PER,1996,5.3059
Peru,PER,1997,4.8117
Peru,PER,1998,3.7062000000000004
Peru,PER,1999,5.0154000000000005
Peru,PER,2000,5.2963000000000005
Peru,PER,2001,6.1166
Peru,PER,2002,5.8049
Peru,PER,2003,6.2443
Peru,PER,2004,6.745100000000001
Peru,PER,2005,6.6858
Peru,PER,2006,6.7164
Peru,PER,2007,6.714300000000001
Peru,PER,2008,5.7457
Peru,PER,2009,5.7614
Peru,PER,2010,5.2705
Peru,PER,2011,5.0547
Peru,PER,2012,5.0769
Peru,PER,2013,4.9916
Peru,PER,2014,4.7865
Peru,PER,2015,4.5239
Peru,PER,2016,4.7756
Peru,PER,2017,5.3864
Peru,PER,2018,4.6917
Philippines,PHL,1962,1.4545000000000001
Philippines,PHL,1963,1.4444000000000001
Philippines,PHL,1964,1.4474
Philippines,PHL,1965,1.4408
Philippines,PHL,1966,1.4442000000000002
Philippines,PHL,1967,1.4500000000000002
Philippines,PHL,1968,1.4637
Philippines,PHL,1969,1.4419
Philippines,PHL,1970,1.4352
Philippines,PHL,1971,1.445
Philippines,PHL,1972,1.4657
Philippines,PHL,1973,1.2457
Philippines,PHL,1974,1.1961000000000002
Philippines,PHL,1975,1.222
Philippines,PHL,1976,1.1464
Philippines,PHL,1977,1.2435
Philippines,PHL,1978,1.1477000000000002
Philippines,PHL,1979,1.0131000000000001
Philippines,PHL,1980,0.9738
Philippines,PHL,1981,0.5559000000000001
Philippines,PHL,1982,0.5569000000000001
Philippines,PHL,1983,0.5108
Philippines,PHL,1984,0.5182
Philippines,PHL,1985,0.34540000000000004
Philippines,PHL,1986,0.37770000000000004
Philippines,PHL,1987,0.4743
Philippines,PHL,1988,0.5392
Philippines,PHL,1989,0.42210000000000003
Philippines,PHL,1990,3.8085
Philippines,PHL,1991,3.835
Philippines,PHL,1992,3.8528000000000002
Philippines,PHL,1993,3.8293000000000004
Philippines,PHL,1994,4.434
Philippines,PHL,1995,5.416300000000001
Philippines,PHL,1996,2.1347
Philippines,PHL,1997,5.9945
Philippines,PHL,1998,5.8542000000000005
Philippines,PHL,1999,3.8618
Philippines,PHL,2000,3.9677000000000002
Philippines,PHL,2001,3.9727
Philippines,PHL,2002,3.9918
Philippines,PHL,2003,3.9982
Philippines,PHL,2004,4.2051
Philippines,PHL,2005,4.2096
Philippines,PHL,2006,4.0953
Philippines,PHL,2007,4.082
Philippines,PHL,2008,4.0825000000000005
Philippines,PHL,2009,4.083200000000001
Philippines,PHL,2010,4.790500000000001
Philippines,PHL,2011,4.7294
Philippines,PHL,2012,4.6808000000000005
Philippines,PHL,2013,5.103800000000001
Philippines,PHL,2014,5.9735000000000005
Philippines,PHL,2015,7.1766000000000005
Philippines,PHL,2016,7.5521
Philippines,PHL,2017,7.772600000000001
Philippines,PHL,2018,7.9750000000000005
Senegal,SEN,1988,0.27030000000000004
Senegal,SEN,1989,0.2727
Senegal,SEN,1990,0.16670000000000001
Senegal,SEN,1991,0.2857
Senegal,SEN,1992,0.2308
Senegal,SEN,1993,0.29410000000000003
Senegal,SEN,1994,0.21430000000000002
Senegal,SEN,1995,0.24750000000000003
Senegal,SEN,1996,0.2632
Senegal,SEN,1997,0.2669
Senegal,SEN,1998,0.28
Senegal,SEN,1999,0.2727
Senegal,SEN,2000,0.28
Senegal,SEN,2001,0.2667
Senegal,SEN,2002,0.2813
Senegal,SEN,2003,0.2931
Senegal,SEN,2004,0.2993
Senegal,SEN,2005,0.3052
Senegal,SEN,2006,0.31020000000000003
Senegal,SEN,2007,0.30860000000000004
Senegal,SEN,2008,0.31170000000000003
Senegal,SEN,2009,0.33740000000000003
Senegal,SEN,2010,0.3659
Senegal,SEN,2011,0.39390000000000003
Senegal,SEN,2012,0.3912
Senegal,SEN,2013,0.3759
Senegal,SEN,2014,0.3779
Senegal,SEN,2015,0.39
Senegal,SEN,2016,0.3972
Senegal,SEN,2017,0.4048
Senegal,SEN,2018,0.41100000000000003
Small island developing States,,1961,0.2775
Small island developing States,,1962,0.2738
Small island developing States,,1963,0.2777
Small island developing States,,1964,0.27840000000000004
Small island developing States,,1965,0.27890000000000004
Small island developing States,,1966,0.2827
Small island developing States,,1967,0.2821
Small island developing States,,1968,0.2816
Small island developing States,,1969,0.281
Small island developing States,,1970,0.2753
Small island developing States,,1971,0.2748
Small island developing States,,1972,0.2757
Small island developing States,,1973,0.2752
Small island developing States,,1974,0.2763
Small island developing States,,1975,0.2771
Small island developing States,,1976,0.2771
Small island developing States,,1977,0.27540000000000003
Small island developing States,,1978,0.27540000000000003
Small island developing States,,1979,0.2761
Small island developing States,,1980,0.2733
Small island developing States,,1981,0.2674
Small island developing States,,1982,0.26830000000000004
Small island developing States,,1983,0.26880000000000004
Small island developing States,,1984,0.28700000000000003
Small island developing States,,1985,0.2676
Small island developing States,,1986,0.28950000000000004
Small island developing States,,1987,0.3154
Small island developing States,,1988,0.3153
Small island developing States,,1989,0.3639
Small island developing States,,1990,0.36460000000000004
Small island developing States,,1991,0.3093
Small island developing States,,1992,0.3607
Small island developing States,,1993,0.339
Small island developing States,,1994,0.2999
Small island developing States,,1995,0.3126
Small island developing States,,1996,0.3567
Small island developing States,,1997,0.3784
Small island developing States,,1998,0.3924
Small island developing States,,1999,0.3806
Small island developing States,,2000,0.3447
Small island developing States,,2001,0.38820000000000005
Small island developing States,,2002,0.39880000000000004
Small island developing States,,2003,0.4088
Small island developing States,,2004,0.4148
Small island developing States,,2005,0.4098
Small island developing States,,2006,0.439
Small island developing States,,2007,0.4566
Small island developing States,,2008,0.5046
Small island developing States,,2009,0.5494
Small island developing States,,2010,0.5176000000000001
Small island developing States,,2011,0.5101
Small island developing States,,2012,0.5131
Small island developing States,,2013,0.5217
Small island developing States,,2014,0.5369
Small island developing States,,2015,0.5451
Small island developing States,,2016,0.5546
Small island developing States,,2017,0.5624
Small island developing States,,2018,0.5694
South America,,1989,277.56
South America,,1990,0.1892
South America,,1991,0.3037
South America,,1992,0.1698
South America,,1993,0.12040000000000001
South America,,1994,0.2338
South America,,1995,0.2783
South America,,1996,0.3229
South America,,1997,0.23170000000000002
South America,,1998,0.10450000000000001
South America,,1999,0.2566
South America,,2000,0.2305
South America,,2001,0.2122
South America,,2002,0.26430000000000003
South America,,2003,0.2849
South America,,2004,0.2888
South America,,2005,0.23500000000000001
South America,,2006,0.3598
South America,,2007,0.2091
South America,,2008,0.3417
South America,,2009,0.3074
South America,,2010,0.1479
South America,,2011,0.3146
South America,,2012,0.11760000000000001
South America,,2013,0.1671
South America,,2014,0.1859
South America,,2015,0.218
South America,,2016,0.24680000000000002
South America,,2017,0.39830000000000004
South America,,2018,0.4398
South Eastern Asia,,1961,3.5143
South Eastern Asia,,1962,1.4222000000000001
South Eastern Asia,,1963,1.4074
South Eastern Asia,,1964,1.4000000000000001
South Eastern Asia,,1965,1.3914
South Eastern Asia,,1966,1.2354
South Eastern Asia,,1967,1.2459
South Eastern Asia,,1968,1.2462
South Eastern Asia,,1969,1.2411
South Eastern Asia,,1970,1.2628000000000001
South Eastern Asia,,1971,1.1377000000000002
South Eastern Asia,,1972,1.1474
South Eastern Asia,,1973,1.0698
South Eastern Asia,,1974,1.2311
South Eastern Asia,,1975,0.3941
South Eastern Asia,,1976,0.3417
South Eastern Asia,,1977,0.33390000000000003
South Eastern Asia,,1978,0.299
South Eastern Asia,,1979,0.26380000000000003
South Eastern Asia,,1980,0.2063
South Eastern Asia,,1981,0.18680000000000002
South Eastern Asia,,1982,0.1825
South Eastern Asia,,1983,0.223
South Eastern Asia,,1984,0.30010000000000003
South Eastern Asia,,1985,0.49210000000000004
South Eastern Asia,,1986,0.5294
South Eastern Asia,,1987,0.5999
South Eastern Asia,,1988,0.5466
South Eastern Asia,,1989,0.6064
South Eastern Asia,,1990,0.9445
South Eastern Asia,,1991,0.9449000000000001
South Eastern Asia,,1992,1.1888
South Eastern Asia,,1993,1.3417000000000001
South Eastern Asia,,1994,1.3256000000000001
South Eastern Asia,,1995,1.3756000000000002
South Eastern Asia,,1996,1.0163
South Eastern Asia,,1997,0.8104
South Eastern Asia,,1998,0.6914
South Eastern Asia,,1999,0.5285000000000001
South Eastern Asia,,2000,0.6614
South Eastern Asia,,2001,0.7053
South Eastern Asia,,2002,0.9722000000000001
South Eastern Asia,,2003,1.1400000000000001
South Eastern Asia,,2004,1.3484
South Eastern Asia,,2005,1.4745000000000001
South Eastern Asia,,2006,1.5562
South Eastern Asia,,2007,1.6747
South Eastern Asia,,2008,1.631
South Eastern Asia,,2009,1.5185000000000002
South Eastern Asia,,2010,1.5934000000000001
South Eastern Asia,,2011,1.5923
South Eastern Asia,,2012,1.6265
South Eastern Asia,,2013,1.5607
South Eastern Asia,,2014,1.5209000000000001
South Eastern Asia,,2015,2.0913
South Eastern Asia,,2016,1.9005
South Eastern Asia,,2017,3.0112
South Eastern Asia,,2018,3.6506000000000003
Southern Asia,,1961,0.44620000000000004
Southern Asia,,1962,0.4576
Southern Asia,,1963,0.433
Southern Asia,,1964,0.4545
Southern Asia,,1965,0.47300000000000003
Southern Asia,,1966,0.4577
Southern Asia,,1967,0.4808
Southern Asia,,1968,0.48200000000000004
Southern Asia,,1969,0.4621
Southern Asia,,1970,0.4484
Southern Asia,,1971,0.4305
Southern Asia,,1972,0.41490000000000005
Southern Asia,,1973,0.41100000000000003
Southern Asia,,1974,0.4002
Southern Asia,,1975,0.4111
Southern Asia,,1976,0.4444
Southern Asia,,1977,0.4469
Southern Asia,,1978,0.44920000000000004
Southern Asia,,1979,0.4305
Southern Asia,,1980,0.39830000000000004
Southern Asia,,1981,0.395
Southern Asia,,1982,0.40280000000000005
Southern Asia,,1983,0.4011
Southern Asia,,1984,0.41190000000000004
Southern Asia,,1985,0.43
Southern Asia,,1986,0.44720000000000004
Southern Asia,,1987,0.4632
Southern Asia,,1988,0.4869
Southern Asia,,1989,0.5098
Southern Asia,,1990,0.529
Southern Asia,,1991,0.5443
Southern Asia,,1992,0.5619000000000001
Southern Asia,,1993,0.6116
Southern Asia,,1994,0.6068
Southern Asia,,1995,0.5477000000000001
Southern Asia,,1996,0.6454000000000001
Southern Asia,,1997,0.6393
Southern Asia,,1998,0.5276000000000001
Southern Asia,,1999,0.6397
Southern Asia,,2000,0.7399
Southern Asia,,2001,0.6292
Southern Asia,,2002,0.6143000000000001
Southern Asia,,2003,0.6379
Southern Asia,,2004,0.6742
Southern Asia,,2005,0.6528
Southern Asia,,2006,0.6766
Southern Asia,,2007,0.7159
Southern Asia,,2008,0.7548
Southern Asia,,2009,0.7671
Southern Asia,,2010,0.6556000000000001
Southern Asia,,2011,0.6980000000000001
Southern Asia,,2012,0.7302000000000001
Southern Asia,,2013,0.7493000000000001
Southern Asia,,2014,0.7355
Southern Asia,,2015,0.7144
Southern Asia,,2016,0.6538
Southern Asia,,2017,0.7659
Southern Asia,,2018,0.8139000000000001
Sri Lanka,LKA,1980,0.31770000000000004
Sri Lanka,LKA,1981,0.3236
Sri Lanka,LKA,1982,0.3236
Sri Lanka,LKA,1983,0.20700000000000002
Sri Lanka,LKA,1984,0.20550000000000002
Sri Lanka,LKA,1985,0.3519
Sri Lanka,LKA,1986,0.34390000000000004
Sri Lanka,LKA,1987,0.3401
Sri Lanka,LKA,1988,0.36920000000000003
Sri Lanka,LKA,1989,0.34900000000000003
Sri Lanka,LKA,1990,0.3462
Sri Lanka,LKA,1991,0.34
Sri Lanka,LKA,1992,0.33330000000000004
Sri Lanka,LKA,1993,0.30610000000000004
Sri Lanka,LKA,1994,0.2957
Sri Lanka,LKA,1995,0.2604
Sri Lanka,LKA,1996,0.2595
Sri Lanka,LKA,1997,0.227
Sri Lanka,LKA,1998,0.3406
Sri Lanka,LKA,1999,0.24530000000000002
Sri Lanka,LKA,2000,0.19990000000000002
Sri Lanka,LKA,2001,0.2252
Sri Lanka,LKA,2002,0.2248
Sri Lanka,LKA,2003,0.2452
Sri Lanka,LKA,2004,0.27080000000000004
Sri Lanka,LKA,2005,0.272
Sri Lanka,LKA,2006,0.34140000000000004
Sri Lanka,LKA,2007,0.3221
Sri Lanka,LKA,2008,0.3169
Sri Lanka,LKA,2009,0.31
Sri Lanka,LKA,2010,0.3069
Sri Lanka,LKA,2011,0.2984
Sri Lanka,LKA,2012,0.2864
Sri Lanka,LKA,2013,0.298
Sri Lanka,LKA,2014,0.2968
Sri Lanka,LKA,2015,0.2937
Sri Lanka,LKA,2016,0.9908
Sri Lanka,LKA,2017,0.9608000000000001
Sri Lanka,LKA,2018,2.6319
Tanzania,TZA,1961,0.6024
Tanzania,TZA,1962,0.6481
Tanzania,TZA,1963,0.625
Tanzania,TZA,1964,0.7100000000000001
Tanzania,TZA,1965,0.6726000000000001
Tanzania,TZA,1966,0.6933
Tanzania,TZA,1967,0.5986
Tanzania,TZA,1968,0.5675
Tanzania,TZA,1969,0.523
Tanzania,TZA,1970,0.5777
Tanzania,TZA,1971,0.6019
Tanzania,TZA,1972,0.6278
Tanzania,TZA,1973,0.6045
Tanzania,TZA,1974,0.6085
Tanzania,TZA,1975,0.6097
Tanzania,TZA,1976,0.6195
Tanzania,TZA,1977,0.5758
Tanzania,TZA,1978,0.6225
Tanzania,TZA,1979,0.5951000000000001
Tanzania,TZA,1980,0.5917
Tanzania,TZA,1981,0.6598
Tanzania,TZA,1982,0.5918
Tanzania,TZA,1983,0.5702
Tanzania,TZA,1984,0.4763
Tanzania,TZA,1985,0.5647
Tanzania,TZA,1986,0.48000000000000004
Tanzania,TZA,1987,0.5283
Tanzania,TZA,1988,0.642
Tanzania,TZA,1989,0.5503
Tanzania,TZA,1990,0.4874
Tanzania,TZA,1991,0.5427000000000001
Tanzania,TZA,1992,0.7509
Tanzania,TZA,1993,0.7145
Tanzania,TZA,1994,0.8491000000000001
Tanzania,TZA,1995,1.0567
Tanzania,TZA,1996,1.2585
Tanzania,TZA,1997,1.09
Tanzania,TZA,1998,1.165
Tanzania,TZA,1999,1.2466000000000002
Tanzania,TZA,2000,0.9007000000000001
Tanzania,TZA,2001,0.6437
Tanzania,TZA,2002,0.29300000000000004
Tanzania,TZA,2003,0.3513
Tanzania,TZA,2004,0.32170000000000004
Tanzania,TZA,2005,0.5576
Tanzania,TZA,2006,0.28250000000000003
Tanzania,TZA,2007,0.2356
Tanzania,TZA,2008,0.6764
Tanzania,TZA,2009,0.2021
Tanzania,TZA,2010,0.2978
Tanzania,TZA,2011,0.2978
Tanzania,TZA,2012,0.3896
Tanzania,TZA,2013,0.3116
Tanzania,TZA,2014,0.3
Tanzania,TZA,2015,0.40950000000000003
Tanzania,TZA,2016,0.3788
Tanzania,TZA,2017,0.304
Tanzania,TZA,2018,0.2984
Thailand,THA,1961,1
Thailand,THA,1962,1
Thailand,THA,1963,1
Thailand,THA,1964,1
Thailand,THA,1965,1
Thailand,THA,1966,1
Thailand,THA,1967,1
Thailand,THA,1968,1
Thailand,THA,1969,1
Thailand,THA,1970,1
Thailand,THA,1971,1
Thailand,THA,1972,1
Thailand,THA,1973,1
Thailand,THA,1974,1
Thailand,THA,1975,1
Thailand,THA,1976,1
Thailand,THA,1977,1
Thailand,THA,1978,1
Thailand,THA,1979,1
Thailand,THA,1980,1
Thailand,THA,1981,1.2
Thailand,THA,1982,1.3077
Thailand,THA,1983,1
Thailand,THA,1984,1.4118000000000002
Thailand,THA,1985,1
Thailand,THA,1986,1.4286
Thailand,THA,1987,1.3043
Thailand,THA,1988,0.9971000000000001
Thailand,THA,1989,1
Thailand,THA,1990,1.1302
Thailand,THA,1991,1
Thailand,THA,1992,1.0036
Thailand,THA,1993,1.0141
Thailand,THA,1994,1
Thailand,THA,1995,1.0317
Thailand,THA,1996,1
Thailand,THA,1997,1.06
Thailand,THA,1998,1
Thailand,THA,1999,1
Thailand,THA,2000,1.6105
Thailand,THA,2001,1.7160000000000002
Thailand,THA,2002,1.7307000000000001
Thailand,THA,2003,1.7113
Thailand,THA,2004,1.593
Thailand,THA,2005,1.7813
Thailand,THA,2006,1.7000000000000002
Thailand,THA,2007,1.6625
Thailand,THA,2008,1.6187
Thailand,THA,2009,1.5562
Thailand,THA,2010,1.5875000000000001
Thailand,THA,2011,1.5941
Thailand,THA,2012,1.6375000000000002
Thailand,THA,2013,1.6625
Thailand,THA,2014,1.6748
Thailand,THA,2015,1.4313
Thailand,THA,2016,1.357
Thailand,THA,2017,1.5459
Thailand,THA,2018,1.5146000000000002
Togo,TGO,1987,0.772
Togo,TGO,1988,0.8
Togo,TGO,1989,0.89
Togo,TGO,1990,0.9031
Togo,TGO,1991,0.89
Togo,TGO,1992,0.8867
Togo,TGO,1993,0.9089
Togo,TGO,1994,0.8833000000000001
Togo,TGO,1995,0.8824000000000001
Togo,TGO,1996,0.8821
Togo,TGO,1997,0.9412
Togo,TGO,1998,1
Togo,TGO,1999,1.1538000000000002
Togo,TGO,2000,1.0408
Togo,TGO,2001,0.9
Togo,TGO,2002,0.92
Togo,TGO,2003,1
Togo,TGO,2004,1.375
Togo,TGO,2005,1.4477
Togo,TGO,2006,1.5556
Togo,TGO,2007,1.4000000000000001
Togo,TGO,2008,1.4000000000000001
Togo,TGO,2009,1.4000000000000001
Togo,TGO,2010,1.4000000000000001
Togo,TGO,2011,1.4255
Togo,TGO,2012,1.4316
Togo,TGO,2013,1.4462000000000002
Togo,TGO,2014,1.4626000000000001
Togo,TGO,2015,1.4815
Togo,TGO,2016,1.4667000000000001
Togo,TGO,2017,1.4734
Togo,TGO,2018,1.4801
Vietnam,VNM,1961,0.7000000000000001
Vietnam,VNM,1962,0.7000000000000001
Vietnam,VNM,1963,0.7000000000000001
Vietnam,VNM,1964,0.7000000000000001
Vietnam,VNM,1965,0.7000000000000001
Vietnam,VNM,1966,0.7000000000000001
Vietnam,VNM,1967,0.7000000000000001
Vietnam,VNM,1968,0.7000000000000001
Vietnam,VNM,1969,0.7000000000000001
Vietnam,VNM,1970,0.7000000000000001
Vietnam,VNM,1971,0.7000000000000001
Vietnam,VNM,1972,0.7000000000000001
Vietnam,VNM,1973,0.7000000000000001
Vietnam,VNM,1974,0.7000000000000001
Vietnam,VNM,1975,0.7000000000000001
Vietnam,VNM,1976,0.7000000000000001
Vietnam,VNM,1977,0.7000000000000001
Vietnam,VNM,1978,0.7000000000000001
Vietnam,VNM,1979,0.7000000000000001
Vietnam,VNM,1980,0.7000000000000001
Vietnam,VNM,1981,0.6842
Vietnam,VNM,1982,0.5882000000000001
Vietnam,VNM,1983,0.6667000000000001
Vietnam,VNM,1984,0.678
Vietnam,VNM,1985,0.6667000000000001
Vietnam,VNM,1986,0.6957
Vietnam,VNM,1987,0.7692
Vietnam,VNM,1988,0.8247
Vietnam,VNM,1989,0.9091
Vietnam,VNM,1990,1
Vietnam,VNM,1991,1.0323
Vietnam,VNM,1992,2.9625000000000004
Vietnam,VNM,1993,2.6975000000000002
Vietnam,VNM,1994,2.3636
Vietnam,VNM,1995,2.1857
Vietnam,VNM,1996,2.2302
Vietnam,VNM,1997,2.1881
Vietnam,VNM,1998,1.4948000000000001
Vietnam,VNM,1999,1.1468
Vietnam,VNM,2000,1.8546
Vietnam,VNM,2001,1.9533
Vietnam,VNM,2002,2.9746
Vietnam,VNM,2003,3.5700000000000003
Vietnam,VNM,2004,4.0078000000000005
Vietnam,VNM,2005,4.295
Vietnam,VNM,2006,3.9465000000000003
Vietnam,VNM,2007,4.1268
Vietnam,VNM,2008,3.843
Vietnam,VNM,2009,3.4232
Vietnam,VNM,2010,3.6594
Vietnam,VNM,2011,3.7347
Vietnam,VNM,2012,3.8971
Vietnam,VNM,2013,3.6921000000000004
Vietnam,VNM,2014,3.3993
Vietnam,VNM,2015,5.0242
Vietnam,VNM,2016,4.3447000000000005
Vietnam,VNM,2017,7.6029
Vietnam,VNM,2018,9.3803
Western Africa,,1961,0.27
Western Africa,,1962,0.3739
Western Africa,,1963,0.38780000000000003
Western Africa,,1964,0.42060000000000003
Western Africa,,1965,0.4405
Western Africa,,1966,0.44670000000000004
Western Africa,,1967,0.43220000000000003
Western Africa,,1968,0.4262
Western Africa,,1969,0.4182
Western Africa,,1970,0.4098
Western Africa,,1971,0.4123
Western Africa,,1972,0.4128
Western Africa,,1973,0.4112
Western Africa,,1974,0.4142
Western Africa,,1975,0.4101
Western Africa,,1976,0.4315
Western Africa,,1977,0.4172
Western Africa,,1978,0.4068
Western Africa,,1979,0.40230000000000005
Western Africa,,1980,0.39730000000000004
Western Africa,,1981,0.3724
Western Africa,,1982,0.3491
Western Africa,,1983,0.3572
Western Africa,,1984,0.3477
Western Africa,,1985,0.36360000000000003
Western Africa,,1986,0.3689
Western Africa,,1987,0.3719
Western Africa,,1988,0.38380000000000003
Western Africa,,1989,0.38730000000000003
Western Africa,,1990,0.3849
Western Africa,,1991,0.3831
Western Africa,,1992,0.39990000000000003
Western Africa,,1993,0.4093
Western Africa,,1994,0.4046
Western Africa,,1995,0.3799
Western Africa,,1996,0.4055
Western Africa,,1997,0.3834
Western Africa,,1998,0.4405
Western Africa,,1999,0.7053
Western Africa,,2000,0.7617
Western Africa,,2001,0.8597
Western Africa,,2002,0.7691
Western Africa,,2003,0.7598
Western Africa,,2004,0.7599
Western Africa,,2005,0.7441
Western Africa,,2006,0.7328
Western Africa,,2007,0.7074
Western Africa,,2008,0.6555000000000001
Western Africa,,2009,0.6802
Western Africa,,2010,0.7401
Western Africa,,2011,0.6407
Western Africa,,2012,0.5657
Western Africa,,2013,0.49920000000000003
Western Africa,,2014,0.4783
Western Africa,,2015,0.4701
Western Africa,,2016,0.5072
Western Africa,,2017,0.5032
Western Africa,,2018,0.5256000000000001
World,OWID_WRL,1961,0.5464
World,OWID_WRL,1962,0.5643
World,OWID_WRL,1963,0.5696
World,OWID_WRL,1964,0.5951000000000001
World,OWID_WRL,1965,0.5880000000000001
World,OWID_WRL,1966,0.5774
World,OWID_WRL,1967,0.5626
World,OWID_WRL,1968,0.5796
World,OWID_WRL,1969,0.5585
World,OWID_WRL,1970,0.5559000000000001
World,OWID_WRL,1971,0.5707
World,OWID_WRL,1972,0.5742
World,OWID_WRL,1973,0.5833
World,OWID_WRL,1974,0.5646
World,OWID_WRL,1975,0.524
World,OWID_WRL,1976,0.5324
World,OWID_WRL,1977,0.5464
World,OWID_WRL,1978,0.5536
World,OWID_WRL,1979,0.5176000000000001
World,OWID_WRL,1980,0.48950000000000005
World,OWID_WRL,1981,0.48260000000000003
World,OWID_WRL,1982,0.46230000000000004
World,OWID_WRL,1983,0.47050000000000003
World,OWID_WRL,1984,0.4636
World,OWID_WRL,1985,0.5588000000000001
World,OWID_WRL,1986,0.5716
World,OWID_WRL,1987,0.5552
World,OWID_WRL,1988,0.6075
World,OWID_WRL,1989,0.6293000000000001
World,OWID_WRL,1990,0.46900000000000003
World,OWID_WRL,1991,0.5156000000000001
World,OWID_WRL,1992,0.4797
World,OWID_WRL,1993,0.5029
World,OWID_WRL,1994,0.5615
World,OWID_WRL,1995,0.5593
World,OWID_WRL,1996,0.5927
World,OWID_WRL,1997,0.5365
World,OWID_WRL,1998,0.4792
World,OWID_WRL,1999,0.5751000000000001
World,OWID_WRL,2000,0.6287
World,OWID_WRL,2001,0.6278
World,OWID_WRL,2002,0.6536000000000001
World,OWID_WRL,2003,0.6982
World,OWID_WRL,2004,0.7463000000000001
World,OWID_WRL,2005,0.7861
World,OWID_WRL,2006,0.7967000000000001
World,OWID_WRL,2007,0.7829
World,OWID_WRL,2008,0.8181
World,OWID_WRL,2009,0.7605000000000001
World,OWID_WRL,2010,0.7777000000000001
World,OWID_WRL,2011,0.7497
World,OWID_WRL,2012,0.7077
World,OWID_WRL,2013,0.667
World,OWID_WRL,2014,0.6451
World,OWID_WRL,2015,0.7169
World,OWID_WRL,2016,0.7159
World,OWID_WRL,2017,0.8877
World,OWID_WRL,2018,0.9933000000000001